site_key,workflow_version,snapshot_at_utc,queue_size,batch_load,instrument_util,source_system,record_version
SITE_A,WF_V1,2024-01-25T16:04:29Z,246,0.7321,0.5257,OPS-SITE_A,1
SITE_A,WF_V1,2024-01-29T07:15:21Z,301,0.4515,0.4798,OPS-SITE_A,2
SITE_A,WF_V1,2024-01-31T20:09:12Z,273,0.6365,0.6314,OPS-SITE_A,3
SITE_A,WF_V1,2024-02-03T15:24:12Z,272,0.446,0.4837,OPS-SITE_A,4
SITE_A,WF_V1,2024-02-05T20:38:43Z,230,0.7918,0.4519,OPS-SITE_A,5
SITE_A,WF_V1,2024-02-09T13:00:23Z,248,0.6079,0.9486,OPS-SITE_A,6
SITE_A,WF_V1,2024-02-11T14:49:26Z,343,0.3258,0.6343,OPS-SITE_A,7
SITE_A,WF_V1,2024-02-14T18:29:07Z,247,0.4021,0.6169,OPS-SITE_A,8
SITE_A,WF_V1,2024-02-17T01:51:08Z,275,0.8165,0.5451,OPS-SITE_A,9
SITE_A,WF_V1,2024-02-20T20:11:02Z,197,0.3886,0.9236,OPS-SITE_A,10
SITE_A,WF_V1,2024-02-24T18:20:24Z,269,0.4752,0.5243,OPS-SITE_A,11
SITE_A,WF_V1,2024-02-28T17:44:40Z,203,0.5291,0.874,OPS-SITE_A,12
SITE_A,WF_V1,2024-03-03T11:34:01Z,205,0.4392,0.4827,OPS-SITE_A,13
SITE_A,WF_V1,2024-03-07T04:30:55Z,316,0.8414,0.5804,OPS-SITE_A,14
SITE_A,WF_V1,2024-03-11T02:35:35Z,329,0.6353,0.4604,OPS-SITE_A,15
SITE_A,WF_V1,2024-03-13T15:34:05Z,290,0.7648,0.678,OPS-SITE_A,16
SITE_A,WF_V1,2024-03-16T16:32:15Z,268,0.8677,0.5467,OPS-SITE_A,17
SITE_A,WF_V1,2024-03-19T03:32:20Z,246,0.8658,0.4014,OPS-SITE_A,18
SITE_A,WF_V1,2024-03-22T12:39:10Z,299,0.6117,0.6763,OPS-SITE_A,19
SITE_A,WF_V1,2024-03-26T06:55:13Z,243,0.6546,0.4071,OPS-SITE_A,20
SITE_A,WF_V1,2024-03-28T09:29:53Z,203,0.8782,0.6799,OPS-SITE_A,21
SITE_A,WF_V1,2024-03-31T14:54:29Z,316,0.7901,0.4248,OPS-SITE_A,22
SITE_A,WF_V1,2024-04-04T07:49:55Z,309,0.5114,0.7583,OPS-SITE_A,23
SITE_A,WF_V1,2024-04-06T11:39:52Z,254,0.7897,0.5102,OPS-SITE_A,24
SITE_A,WF_V1,2024-04-08T21:08:57Z,294,0.6348,0.8647,OPS-SITE_A,25
SITE_A,WF_V1,2024-04-11T13:34:36Z,246,0.8673,0.7775,OPS-SITE_A,26
SITE_A,WF_V1,2024-04-14T18:10:31Z,298,0.6565,0.7434,OPS-SITE_A,27
SITE_A,WF_V1,2024-04-17T08:56:36Z,224,0.8903,0.5866,OPS-SITE_A,28
SITE_A,WF_V1,2024-04-19T22:04:30Z,239,0.7915,0.9254,OPS-SITE_A,29
SITE_A,WF_V1,2024-04-22T07:02:00Z,287,0.399,0.6856,OPS-SITE_A,30
SITE_A,WF_V1,2024-04-24T21:07:53Z,249,0.3157,0.7338,OPS-SITE_A,31
SITE_A,WF_V1,2024-04-27T11:00:41Z,191,0.561,0.7869,OPS-SITE_A,32
SITE_A,WF_V1,2024-04-30T01:26:03Z,317,0.6735,0.7489,OPS-SITE_A,33
SITE_A,WF_V1,2024-05-03T19:15:57Z,336,0.6241,0.5824,OPS-SITE_A,34
SITE_A,WF_V1,2024-05-07T19:13:10Z,251,0.4725,0.4017,OPS-SITE_A,35
SITE_A,WF_V1,2024-05-09T23:49:45Z,286,0.768,0.7665,OPS-SITE_A,36
SITE_A,WF_V1,2024-05-12T17:51:23Z,229,0.6651,0.9481,OPS-SITE_A,37
SITE_A,WF_V1,2024-05-15T00:07:45Z,248,0.3959,0.9006,OPS-SITE_A,38
SITE_A,WF_V1,2024-05-18T14:19:08Z,314,0.5108,0.6759,OPS-SITE_A,39
SITE_A,WF_V1,2024-05-22T09:11:08Z,286,0.8133,0.5805,OPS-SITE_A,40
SITE_A,WF_V1,2024-05-24T22:23:30Z,222,0.5488,0.921,OPS-SITE_A,41
SITE_A,WF_V1,2024-05-27T03:48:18Z,253,0.5611,0.4454,OPS-SITE_A,42
SITE_A,WF_V1,2024-05-29T23:09:38Z,249,0.3511,0.4238,OPS-SITE_A,43
SITE_A,WF_V1,2024-06-01T09:40:46Z,276,0.8713,0.7837,OPS-SITE_A,44
SITE_A,WF_V1,2024-06-04T21:59:15Z,292,0.5696,0.5172,OPS-SITE_A,45
SITE_A,WF_V1,2024-06-08T14:48:44Z,230,0.5087,0.6726,OPS-SITE_A,46
SITE_A,WF_V1,2024-06-12T05:25:50Z,254,0.5855,0.7323,OPS-SITE_A,47
SITE_A,WF_V1,2024-06-14T13:02:50Z,237,0.597,0.6415,OPS-SITE_A,48
SITE_A,WF_V1,2024-06-16T16:58:02Z,231,0.3618,0.533,OPS-SITE_A,49
SITE_A,WF_V1,2024-06-19T15:17:46Z,298,0.7375,0.8404,OPS-SITE_A,50
SITE_A,WF_V1,2024-06-22T10:11:07Z,208,0.4724,0.8435,OPS-SITE_A,51
SITE_A,WF_V1,2024-06-24T19:24:05Z,278,0.7769,0.9435,OPS-SITE_A,52
SITE_A,WF_V1,2024-06-28T05:35:34Z,311,0.8467,0.4053,OPS-SITE_A,53
SITE_A,WF_V1,2024-06-30T06:01:30Z,223,0.5452,0.9054,OPS-SITE_A,54
SITE_A,WF_V1,2024-07-03T05:46:34Z,285,0.3049,0.8441,OPS-SITE_A,55
SITE_A,WF_V1,2024-07-05T12:58:42Z,284,0.6234,0.5721,OPS-SITE_A,56
SITE_A,WF_V1,2024-07-08T05:29:16Z,218,0.793,0.8054,OPS-SITE_A,57
SITE_A,WF_V1,2024-07-11T09:25:45Z,213,0.4893,0.4415,OPS-SITE_A,58
SITE_A,WF_V1,2024-07-14T01:39:43Z,316,0.5145,0.4982,OPS-SITE_A,59
SITE_A,WF_V1,2024-07-16T10:01:31Z,302,0.6751,0.9322,OPS-SITE_A,60
SITE_A,WF_V1,2024-07-19T10:52:06Z,255,0.6245,0.6747,OPS-SITE_A,61
SITE_A,WF_V1,2024-07-23T10:17:00Z,308,0.3191,0.8164,OPS-SITE_A,62
SITE_A,WF_V1,2024-07-26T02:10:38Z,297,0.4896,0.508,OPS-SITE_A,63
SITE_A,WF_V1,2024-07-29T06:35:01Z,218,0.6451,0.4815,OPS-SITE_A,64
SITE_A,WF_V1,2024-08-01T14:45:44Z,213,0.8279,0.9383,OPS-SITE_A,65
SITE_A,WF_V1,2024-08-05T02:48:58Z,215,0.5826,0.4693,OPS-SITE_A,66
SITE_A,WF_V1,2024-08-08T21:24:46Z,265,0.467,0.4678,OPS-SITE_A,67
SITE_A,WF_V1,2024-08-11T03:49:14Z,243,0.5029,0.4263,OPS-SITE_A,68
SITE_A,WF_V1,2024-08-13T12:56:16Z,290,0.7208,0.6053,OPS-SITE_A,69
SITE_A,WF_V1,2024-08-16T19:15:07Z,227,0.3411,0.6637,OPS-SITE_A,70
SITE_A,WF_V1,2024-08-20T06:41:54Z,197,0.4707,0.5268,OPS-SITE_A,71
SITE_A,WF_V1,2024-08-23T07:15:00Z,290,0.7208,0.5341,OPS-SITE_A,72
SITE_A,WF_V1,2024-08-27T01:51:24Z,263,0.3203,0.6255,OPS-SITE_A,73
SITE_A,WF_V1,2024-08-29T02:15:00Z,299,0.6941,0.7778,OPS-SITE_A,74
SITE_A,WF_V2,2024-09-14T19:47:20Z,212,0.3531,0.43,OPS-SITE_A,1
SITE_A,WF_V2,2024-09-17T12:09:41Z,178,0.5248,0.5061,OPS-SITE_A,2
SITE_A,WF_V2,2024-09-20T11:42:09Z,205,0.6927,0.6813,OPS-SITE_A,3
SITE_A,WF_V2,2024-09-24T06:40:53Z,230,0.693,0.9328,OPS-SITE_A,4
SITE_A,WF_V2,2024-09-27T18:18:19Z,244,0.7697,0.4052,OPS-SITE_A,5
SITE_A,WF_V2,2024-09-29T23:57:42Z,199,0.6122,0.4737,OPS-SITE_A,6
SITE_A,WF_V2,2024-10-02T00:33:08Z,200,0.5791,0.9046,OPS-SITE_A,7
SITE_A,WF_V2,2024-10-04T20:02:57Z,167,0.853,0.5521,OPS-SITE_A,8
SITE_A,WF_V2,2024-10-07T07:23:07Z,236,0.5642,0.842,OPS-SITE_A,9
SITE_A,WF_V2,2024-10-09T21:55:36Z,228,0.6005,0.506,OPS-SITE_A,10
SITE_A,WF_V2,2024-10-13T01:32:14Z,189,0.6692,0.5501,OPS-SITE_A,11
SITE_A,WF_V2,2024-10-16T11:11:12Z,152,0.5005,0.8602,OPS-SITE_A,12
SITE_A,WF_V2,2024-10-20T04:32:50Z,207,0.3354,0.7402,OPS-SITE_A,13
SITE_A,WF_V2,2024-10-22T22:38:56Z,178,0.781,0.9284,OPS-SITE_A,14
SITE_A,WF_V2,2024-10-26T04:26:51Z,215,0.782,0.6399,OPS-SITE_A,15
SITE_A,WF_V2,2024-10-28T12:30:36Z,273,0.6581,0.7097,OPS-SITE_A,16
SITE_A,WF_V2,2024-10-31T09:17:01Z,251,0.5233,0.4003,OPS-SITE_A,17
SITE_A,WF_V2,2024-11-02T10:23:17Z,138,0.7749,0.6276,OPS-SITE_A,18
SITE_A,WF_V2,2024-11-05T00:23:49Z,176,0.6142,0.5066,OPS-SITE_A,19
SITE_A,WF_V2,2024-11-08T12:39:00Z,213,0.8021,0.7966,OPS-SITE_A,20
SITE_A,WF_V2,2024-11-12T00:34:13Z,201,0.4928,0.9479,OPS-SITE_A,21
SITE_A,WF_V2,2024-11-15T21:05:52Z,188,0.804,0.516,OPS-SITE_A,22
SITE_A,WF_V2,2024-11-18T12:52:59Z,180,0.5886,0.6752,OPS-SITE_A,23
SITE_A,WF_V2,2024-11-21T06:29:27Z,218,0.3867,0.5833,OPS-SITE_A,24
SITE_A,WF_V2,2024-11-24T13:08:30Z,188,0.3914,0.7422,OPS-SITE_A,25
SITE_A,WF_V2,2024-11-27T23:10:35Z,209,0.7912,0.935,OPS-SITE_A,26
SITE_A,WF_V2,2024-12-01T10:28:23Z,195,0.8362,0.7541,OPS-SITE_A,27
SITE_A,WF_V2,2024-12-04T20:44:05Z,174,0.7267,0.9459,OPS-SITE_A,28
SITE_A,WF_V2,2024-12-07T17:12:13Z,228,0.4743,0.703,OPS-SITE_A,29
SITE_A,WF_V2,2024-12-10T22:07:13Z,147,0.4436,0.5515,OPS-SITE_A,30
SITE_A,WF_V2,2024-12-14T12:19:15Z,256,0.6384,0.7617,OPS-SITE_A,31
SITE_A,WF_V2,2024-12-17T02:36:08Z,259,0.6134,0.7202,OPS-SITE_A,32
SITE_A,WF_V2,2024-12-19T08:48:54Z,243,0.6547,0.5742,OPS-SITE_A,33
SITE_A,WF_V2,2024-12-23T05:29:47Z,217,0.6618,0.5579,OPS-SITE_A,34
SITE_A,WF_V2,2024-12-26T13:02:34Z,192,0.6309,0.5574,OPS-SITE_A,35
SITE_A,WF_V2,2024-12-28T16:31:24Z,163,0.4476,0.9007,OPS-SITE_A,36
SITE_A,WF_V2,2024-12-31T11:35:05Z,177,0.8239,0.5215,OPS-SITE_A,37
SITE_A,WF_V2,2025-01-03T08:33:23Z,231,0.8357,0.7214,OPS-SITE_A,38
SITE_A,WF_V2,2025-01-06T13:06:39Z,184,0.8478,0.5622,OPS-SITE_A,39
SITE_A,WF_V2,2025-01-09T21:19:41Z,233,0.6244,0.6371,OPS-SITE_A,40
SITE_A,WF_V2,2025-01-12T19:24:38Z,254,0.8186,0.629,OPS-SITE_A,41
SITE_A,WF_V2,2025-01-14T19:24:47Z,196,0.4581,0.6367,OPS-SITE_A,42
SITE_A,WF_V2,2025-01-18T12:22:28Z,212,0.7422,0.4646,OPS-SITE_A,43
SITE_A,WF_V2,2025-01-21T22:15:45Z,208,0.6929,0.6099,OPS-SITE_A,44
SITE_A,WF_V2,2025-01-25T01:49:32Z,198,0.485,0.5873,OPS-SITE_A,45
SITE_A,WF_V2,2025-01-28T14:42:27Z,203,0.55,0.7597,OPS-SITE_A,46
SITE_A,WF_V2,2025-01-31T02:18:21Z,213,0.6901,0.6166,OPS-SITE_A,47
SITE_A,WF_V2,2025-02-02T05:47:42Z,188,0.315,0.4972,OPS-SITE_A,48
SITE_A,WF_V2,2025-02-05T03:31:41Z,167,0.6638,0.4139,OPS-SITE_A,49
SITE_A,WF_V2,2025-02-08T16:52:46Z,297,0.8246,0.5884,OPS-SITE_A,50
SITE_A,WF_V2,2025-02-11T21:31:05Z,191,0.8216,0.5953,OPS-SITE_A,51
SITE_A,WF_V2,2025-02-15T02:05:59Z,169,0.5592,0.5755,OPS-SITE_A,52
SITE_A,WF_V2,2025-02-17T16:35:25Z,264,0.3735,0.7826,OPS-SITE_A,53
SITE_A,WF_V2,2025-02-20T13:20:31Z,192,0.3307,0.6889,OPS-SITE_A,54
SITE_A,WF_V2,2025-02-24T03:13:59Z,222,0.6947,0.58,OPS-SITE_A,55
SITE_A,WF_V2,2025-02-26T15:41:12Z,229,0.3233,0.821,OPS-SITE_A,56
SITE_A,WF_V2,2025-03-02T12:57:13Z,214,0.6757,0.8083,OPS-SITE_A,57
SITE_A,WF_V2,2025-03-05T04:53:13Z,232,0.5208,0.7608,OPS-SITE_A,58
SITE_A,WF_V2,2025-03-08T22:31:31Z,174,0.8934,0.7176,OPS-SITE_A,59
SITE_A,WF_V2,2025-03-12T14:41:24Z,217,0.4787,0.6131,OPS-SITE_A,60
SITE_A,WF_V2,2025-03-15T07:35:58Z,215,0.5217,0.8889,OPS-SITE_A,61
SITE_A,WF_V2,2025-03-18T04:20:28Z,187,0.4412,0.4587,OPS-SITE_A,62
SITE_A,WF_V2,2025-03-21T06:32:26Z,223,0.3104,0.64,OPS-SITE_A,63
SITE_A,WF_V2,2025-03-23T23:53:39Z,172,0.444,0.8536,OPS-SITE_A,64
SITE_A,WF_V2,2025-03-27T20:29:54Z,224,0.5962,0.9032,OPS-SITE_A,65
SITE_A,WF_V2,2025-03-31T15:57:12Z,192,0.4181,0.4065,OPS-SITE_A,66
SITE_A,WF_V2,2025-04-04T12:10:09Z,172,0.8259,0.5387,OPS-SITE_A,67
SITE_A,WF_V2,2025-04-08T02:33:25Z,198,0.5118,0.9086,OPS-SITE_A,68
SITE_A,WF_V2,2025-04-10T17:48:35Z,162,0.5112,0.4187,OPS-SITE_A,69
SITE_A,WF_V2,2025-04-14T14:46:47Z,156,0.667,0.8469,OPS-SITE_A,70
SITE_A,WF_V2,2025-04-18T14:02:05Z,184,0.4605,0.651,OPS-SITE_A,71
SITE_A,WF_V2,2025-04-21T04:30:03Z,238,0.58,0.9093,OPS-SITE_A,72
SITE_A,WF_V2,2025-04-24T11:13:58Z,187,0.8707,0.628,OPS-SITE_A,73
SITE_A,WF_V2,2025-04-27T09:50:10Z,189,0.7981,0.7163,OPS-SITE_A,74
SITE_A,WF_V2,2025-04-30T10:33:23Z,268,0.3349,0.5415,OPS-SITE_A,75
SITE_A,WF_V2,2025-05-03T00:54:23Z,194,0.8856,0.7725,OPS-SITE_A,76
SITE_A,WF_V2,2025-05-06T02:06:54Z,230,0.744,0.794,OPS-SITE_A,77
SITE_A,WF_V2,2025-05-09T06:00:26Z,235,0.8405,0.6124,OPS-SITE_A,78
SITE_A,WF_V2,2025-05-12T09:48:21Z,178,0.3315,0.7134,OPS-SITE_A,79
SITE_A,WF_V2,2025-05-16T01:29:23Z,195,0.5271,0.6829,OPS-SITE_A,80
SITE_A,WF_V2,2025-05-19T10:35:16Z,197,0.8365,0.7713,OPS-SITE_A,81
SITE_A,WF_V2,2025-05-22T04:19:07Z,239,0.4934,0.6132,OPS-SITE_A,82
SITE_A,WF_V2,2025-05-24T16:38:32Z,239,0.3481,0.5171,OPS-SITE_A,83
SITE_A,WF_V2,2025-05-28T00:35:00Z,188,0.472,0.547,OPS-SITE_A,84
SITE_A,WF_V2,2025-05-31T13:39:19Z,231,0.4997,0.8713,OPS-SITE_A,85
SITE_A,WF_V3,2025-06-11T16:51:02Z,159,0.3479,0.7243,OPS-SITE_A,1
SITE_A,WF_V3,2025-06-13T19:38:15Z,161,0.3065,0.526,OPS-SITE_A,2
SITE_A,WF_V3,2025-06-16T10:39:45Z,195,0.4444,0.7013,OPS-SITE_A,3
SITE_A,WF_V3,2025-06-19T16:11:34Z,157,0.8221,0.6619,OPS-SITE_A,4
SITE_A,WF_V3,2025-06-22T22:55:31Z,132,0.7357,0.7134,OPS-SITE_A,5
SITE_A,WF_V3,2025-06-25T07:05:15Z,168,0.3886,0.9022,OPS-SITE_A,6
SITE_A,WF_V3,2025-06-28T16:59:08Z,203,0.5117,0.6617,OPS-SITE_A,7
SITE_A,WF_V3,2025-07-02T10:57:42Z,205,0.4324,0.8263,OPS-SITE_A,8
SITE_A,WF_V3,2025-07-05T22:31:55Z,123,0.6969,0.5845,OPS-SITE_A,9
SITE_A,WF_V3,2025-07-09T00:39:16Z,150,0.4463,0.6326,OPS-SITE_A,10
SITE_A,WF_V3,2025-07-11T17:14:57Z,224,0.6778,0.8449,OPS-SITE_A,11
SITE_A,WF_V3,2025-07-14T16:13:33Z,157,0.4247,0.8697,OPS-SITE_A,12
SITE_A,WF_V3,2025-07-17T19:18:15Z,154,0.4225,0.7879,OPS-SITE_A,13
SITE_A,WF_V3,2025-07-19T22:54:20Z,171,0.3074,0.5107,OPS-SITE_A,14
SITE_A,WF_V3,2025-07-23T09:37:51Z,204,0.5495,0.8743,OPS-SITE_A,15
SITE_A,WF_V3,2025-07-25T20:32:40Z,169,0.5731,0.6106,OPS-SITE_A,16
SITE_A,WF_V3,2025-07-28T17:34:59Z,177,0.4141,0.8444,OPS-SITE_A,17
SITE_A,WF_V3,2025-08-01T16:10:05Z,160,0.7867,0.7234,OPS-SITE_A,18
SITE_A,WF_V3,2025-08-04T19:14:30Z,182,0.733,0.85,OPS-SITE_A,19
SITE_A,WF_V3,2025-08-08T00:55:53Z,214,0.6667,0.7635,OPS-SITE_A,20
SITE_A,WF_V3,2025-08-11T00:15:50Z,190,0.8994,0.8118,OPS-SITE_A,21
SITE_A,WF_V3,2025-08-13T12:32:20Z,162,0.8781,0.4896,OPS-SITE_A,22
SITE_A,WF_V3,2025-08-16T14:31:06Z,178,0.3894,0.9352,OPS-SITE_A,23
SITE_A,WF_V3,2025-08-20T02:05:25Z,156,0.3461,0.624,OPS-SITE_A,24
SITE_A,WF_V3,2025-08-23T00:15:43Z,192,0.495,0.5125,OPS-SITE_A,25
SITE_A,WF_V3,2025-08-25T07:41:49Z,150,0.5706,0.9155,OPS-SITE_A,26
SITE_A,WF_V3,2025-08-28T08:37:28Z,168,0.7467,0.4267,OPS-SITE_A,27
SITE_A,WF_V3,2025-08-30T09:58:42Z,170,0.5902,0.4973,OPS-SITE_A,28
SITE_A,WF_V3,2025-09-02T06:09:55Z,174,0.3671,0.4637,OPS-SITE_A,29
SITE_A,WF_V3,2025-09-05T18:05:06Z,190,0.7874,0.6631,OPS-SITE_A,30
SITE_A,WF_V3,2025-09-07T21:02:22Z,214,0.5659,0.55,OPS-SITE_A,31
SITE_A,WF_V3,2025-09-10T09:40:01Z,196,0.7312,0.9116,OPS-SITE_A,32
SITE_A,WF_V3,2025-09-13T23:23:26Z,154,0.4132,0.4487,OPS-SITE_A,33
SITE_A,WF_V3,2025-09-16T03:09:22Z,159,0.3533,0.8383,OPS-SITE_A,34
SITE_A,WF_V3,2025-09-19T07:19:28Z,201,0.8603,0.4353,OPS-SITE_A,35
SITE_A,WF_V3,2025-09-23T01:31:10Z,167,0.8527,0.8772,OPS-SITE_A,36
SITE_A,WF_V3,2025-09-26T17:01:03Z,141,0.6245,0.4641,OPS-SITE_A,37
SITE_A,WF_V3,2025-09-29T15:15:53Z,245,0.4483,0.7602,OPS-SITE_A,38
SITE_A,WF_V3,2025-10-01T23:40:27Z,145,0.7956,0.5216,OPS-SITE_A,39
SITE_A,WF_V3,2025-10-05T07:42:49Z,211,0.3708,0.523,OPS-SITE_A,40
SITE_A,WF_V3,2025-10-08T13:33:57Z,172,0.4017,0.7971,OPS-SITE_A,41
SITE_A,WF_V3,2025-10-10T17:22:36Z,200,0.8288,0.4976,OPS-SITE_A,42
SITE_A,WF_V3,2025-10-14T01:09:13Z,210,0.3124,0.797,OPS-SITE_A,43
SITE_A,WF_V3,2025-10-17T12:46:11Z,208,0.788,0.4243,OPS-SITE_A,44
SITE_A,WF_V3,2025-10-20T17:14:11Z,209,0.8502,0.4564,OPS-SITE_A,45
SITE_A,WF_V3,2025-10-22T18:56:23Z,149,0.5454,0.7107,OPS-SITE_A,46
SITE_A,WF_V3,2025-10-25T22:54:59Z,169,0.3255,0.5327,OPS-SITE_A,47
SITE_A,WF_V3,2025-10-28T06:50:30Z,171,0.8738,0.52,OPS-SITE_A,48
SITE_A,WF_V3,2025-10-31T23:32:20Z,176,0.5673,0.6555,OPS-SITE_A,49
SITE_A,WF_V3,2025-11-04T01:11:20Z,152,0.3568,0.5261,OPS-SITE_A,50
SITE_A,WF_V3,2025-11-06T09:11:08Z,171,0.8513,0.5564,OPS-SITE_A,51
SITE_A,WF_V3,2025-11-09T17:57:32Z,123,0.5746,0.4271,OPS-SITE_A,52
SITE_A,WF_V3,2025-11-13T12:47:28Z,204,0.6331,0.9051,OPS-SITE_A,53
SITE_A,WF_V3,2025-11-16T07:27:33Z,148,0.6483,0.6782,OPS-SITE_A,54
SITE_A,WF_V3,2025-11-18T13:08:24Z,266,0.7832,0.9077,OPS-SITE_A,55
SITE_A,WF_V3,2025-11-21T03:46:14Z,211,0.7509,0.7453,OPS-SITE_A,56
SITE_A,WF_V3,2025-11-23T23:43:57Z,184,0.392,0.8704,OPS-SITE_A,57
SITE_A,WF_V3,2025-11-26T11:46:02Z,149,0.4649,0.5522,OPS-SITE_A,58
SITE_A,WF_V3,2025-11-28T22:42:05Z,194,0.8543,0.9374,OPS-SITE_A,59
SITE_A,WF_V3,2025-12-01T19:54:32Z,153,0.8231,0.8445,OPS-SITE_A,60
SITE_A,WF_V3,2025-12-05T19:20:55Z,238,0.6113,0.7811,OPS-SITE_A,61
SITE_A,WF_V3,2025-12-08T06:18:14Z,141,0.5211,0.6787,OPS-SITE_A,62
SITE_A,WF_V3,2025-12-11T20:53:19Z,170,0.3509,0.5204,OPS-SITE_A,63
SITE_A,WF_V3,2025-12-14T17:41:09Z,172,0.4829,0.7541,OPS-SITE_A,64
SITE_A,WF_V3,2025-12-18T12:58:50Z,134,0.3878,0.9479,OPS-SITE_A,65
SITE_A,WF_V3,2025-12-22T04:03:34Z,259,0.4965,0.8977,OPS-SITE_A,66
SITE_A,WF_V3,2025-12-25T04:43:51Z,165,0.6216,0.4815,OPS-SITE_A,67
SITE_A,WF_V3,2025-12-29T00:46:26Z,198,0.3144,0.9185,OPS-SITE_A,68
SITE_A,WF_V3,2026-01-01T00:58:47Z,183,0.3731,0.671,OPS-SITE_A,69
SITE_A,WF_V3,2026-01-03T17:32:15Z,194,0.8582,0.5706,OPS-SITE_A,70
SITE_A,WF_V3,2026-01-06T12:43:49Z,159,0.7346,0.8114,OPS-SITE_A,71
SITE_A,WF_V3,2026-01-10T11:32:35Z,189,0.5057,0.7456,OPS-SITE_A,72
SITE_A,WF_V3,2026-01-13T21:50:47Z,200,0.8973,0.7014,OPS-SITE_A,73
SITE_A,WF_V3,2026-01-16T12:42:41Z,220,0.4721,0.609,OPS-SITE_A,74
SITE_A,WF_V3,2026-01-20T11:11:21Z,162,0.8265,0.7548,OPS-SITE_A,75
SITE_A,WF_V3,2026-01-24T00:05:12Z,167,0.6622,0.4916,OPS-SITE_A,76
SITE_A,WF_V3,2026-01-27T22:36:17Z,163,0.591,0.4859,OPS-SITE_A,77
SITE_A,WF_V3,2026-01-30T05:51:58Z,195,0.7027,0.483,OPS-SITE_A,78
SITE_A,WF_V3,2026-02-01T19:35:34Z,180,0.3188,0.9259,OPS-SITE_A,79
SITE_A,WF_V3,2026-02-05T05:10:12Z,160,0.886,0.7672,OPS-SITE_A,80
SITE_A,WF_V3,2026-02-07T18:27:07Z,293,0.6183,0.7704,OPS-SITE_A,81
SITE_A,WF_V3,2026-02-10T15:48:16Z,254,0.7528,0.5795,OPS-SITE_A,82
SITE_A,WF_V3,2026-02-14T10:15:35Z,145,0.3713,0.8129,OPS-SITE_A,83
SITE_A,WF_V3,2026-02-17T15:40:56Z,156,0.5102,0.775,OPS-SITE_A,84
SITE_A,WF_V3,2026-02-21T13:00:13Z,192,0.8547,0.4269,OPS-SITE_A,85
SITE_A,WF_V3,2026-02-24T04:01:18Z,182,0.7211,0.5368,OPS-SITE_A,86
SITE_A,WF_V3,2026-02-27T01:52:52Z,156,0.8586,0.8708,OPS-SITE_A,87
SITE_A,WF_V3,2026-03-01T13:11:49Z,183,0.4744,0.7816,OPS-SITE_A,88
SITE_A,WF_V3,2026-03-04T09:28:02Z,196,0.8881,0.6228,OPS-SITE_A,89
SITE_A,WF_V3,2026-03-07T03:49:59Z,179,0.5661,0.624,OPS-SITE_A,90
SITE_A,WF_V3,2026-03-10T22:22:19Z,814,0.9576,0.9777,OPS-SITE_A,91
SITE_A,WF_V3,2026-03-13T01:58:26Z,776,0.9184,0.9849,OPS-SITE_A,92
SITE_A,WF_V3,2026-03-17T00:32:59Z,812,0.9664,0.9559,OPS-SITE_A,93
SITE_A,WF_V3,2026-03-20T02:37:46Z,951,0.9957,0.9684,OPS-SITE_A,94
SITE_A,WF_V3,2026-03-22T02:46:55Z,921,0.9947,0.9844,OPS-SITE_A,95
SITE_A,WF_V3,2026-03-26T02:39:40Z,621,0.9381,0.9746,OPS-SITE_A,96
SITE_A,WF_V3,2026-03-29T07:06:19Z,737,0.941,0.9961,OPS-SITE_A,97
SITE_A,WF_V3,2026-03-31T22:48:49Z,148,0.5311,0.5638,OPS-SITE_A,98
SITE_A,WF_V3,2026-04-04T09:26:57Z,147,0.4773,0.7057,OPS-SITE_A,99
SITE_A,WF_V3,2026-04-06T15:07:41Z,230,0.8323,0.618,OPS-SITE_A,100
SITE_A,WF_V3,2026-04-09T23:51:35Z,234,0.6236,0.7921,OPS-SITE_A,101
SITE_A,WF_V3,2026-04-13T18:24:16Z,191,0.3455,0.5001,OPS-SITE_A,102
SITE_A,WF_V3,2026-04-17T12:16:51Z,156,0.3487,0.7468,OPS-SITE_A,103
SITE_A,WF_V3,2026-04-19T16:49:03Z,226,0.783,0.7782,OPS-SITE_A,104
SITE_A,WF_V3,2026-04-22T12:51:09Z,191,0.5125,0.9498,OPS-SITE_A,105
SITE_A,WF_V3,2026-04-25T19:11:55Z,147,0.8945,0.603,OPS-SITE_A,106
SITE_A,WF_V3,2026-04-29T13:17:09Z,194,0.4526,0.6598,OPS-SITE_A,107
SITE_A,WF_V3,2026-05-01T15:48:47Z,165,0.6173,0.456,OPS-SITE_A,108
SITE_A,WF_V3,2026-05-05T07:05:59Z,144,0.7091,0.9393,OPS-SITE_A,109
SITE_A,WF_V3,2026-05-09T04:07:01Z,175,0.5198,0.5647,OPS-SITE_A,110
SITE_A,WF_V3,2026-05-13T02:43:23Z,212,0.5534,0.9341,OPS-SITE_A,111
SITE_A,WF_V3,2026-05-16T03:08:58Z,163,0.6196,0.4034,OPS-SITE_A,112
SITE_A,WF_V3,2026-05-19T04:00:20Z,203,0.6216,0.6294,OPS-SITE_A,113
SITE_A,WF_V3,2026-05-22T23:43:16Z,155,0.7998,0.5506,OPS-SITE_A,114
SITE_A,WF_V3,2026-05-25T14:43:16Z,165,0.6721,0.8518,OPS-SITE_A,115
SITE_A,WF_V3,2026-05-28T05:01:41Z,180,0.6309,0.8652,OPS-SITE_A,116
SITE_A,WF_V3,2026-05-30T18:07:49Z,178,0.8772,0.7173,OPS-SITE_A,117
SITE_A,WF_V3,2026-06-02T09:41:53Z,205,0.5872,0.7961,OPS-SITE_A,118
SITE_A,WF_V3,2026-06-04T20:08:50Z,133,0.4904,0.4736,OPS-SITE_A,119
SITE_A,WF_V3,2026-06-08T07:26:33Z,192,0.5705,0.8662,OPS-SITE_A,120
SITE_A,WF_V3,2026-06-11T12:31:30Z,138,0.8623,0.8866,OPS-SITE_A,121
SITE_A,WF_V3,2026-06-13T20:15:38Z,143,0.898,0.7389,OPS-SITE_A,122
SITE_A,WF_V3,2026-06-17T05:38:09Z,180,0.3267,0.8245,OPS-SITE_A,123
SITE_A,WF_V3,2026-06-19T21:50:39Z,217,0.8954,0.7384,OPS-SITE_A,124
SITE_A,WF_V3,2026-06-22T18:10:55Z,142,0.8649,0.451,OPS-SITE_A,125
SITE_A,WF_V3,2026-06-26T09:20:08Z,218,0.4919,0.4254,OPS-SITE_A,126
SITE_A,WF_V3,2026-06-29T22:00:22Z,168,0.5946,0.7116,OPS-SITE_A,127
SITE_B,WF_V1,2024-01-27T05:06:25Z,177,0.6509,0.7066,OPS-SITE_B,1
SITE_B,WF_V1,2024-01-29T18:54:37Z,233,0.6532,0.4726,OPS-SITE_B,2
SITE_B,WF_V1,2024-02-01T22:25:46Z,154,0.7855,0.603,OPS-SITE_B,3
SITE_B,WF_V1,2024-02-04T16:45:13Z,185,0.4075,0.4644,OPS-SITE_B,4
SITE_B,WF_V1,2024-02-07T08:37:54Z,143,0.4264,0.9042,OPS-SITE_B,5
SITE_B,WF_V1,2024-02-10T17:05:02Z,165,0.3677,0.7127,OPS-SITE_B,6
SITE_B,WF_V1,2024-02-12T19:38:28Z,163,0.4811,0.6323,OPS-SITE_B,7
SITE_B,WF_V1,2024-02-14T21:32:07Z,198,0.8541,0.6472,OPS-SITE_B,8
SITE_B,WF_V1,2024-02-17T08:32:56Z,194,0.5531,0.7673,OPS-SITE_B,9
SITE_B,WF_V1,2024-02-19T10:10:02Z,191,0.4336,0.6387,OPS-SITE_B,10
SITE_B,WF_V1,2024-02-23T02:42:27Z,162,0.6384,0.9017,OPS-SITE_B,11
SITE_B,WF_V1,2024-02-25T21:53:44Z,170,0.7615,0.6108,OPS-SITE_B,12
SITE_B,WF_V1,2024-02-29T18:51:56Z,184,0.5522,0.5316,OPS-SITE_B,13
SITE_B,WF_V1,2024-03-03T19:19:41Z,161,0.772,0.6906,OPS-SITE_B,14
SITE_B,WF_V1,2024-03-07T03:02:48Z,201,0.5597,0.6988,OPS-SITE_B,15
SITE_B,WF_V1,2024-03-09T06:19:41Z,189,0.7171,0.6949,OPS-SITE_B,16
SITE_B,WF_V1,2024-03-12T10:28:38Z,192,0.8345,0.8471,OPS-SITE_B,17
SITE_B,WF_V1,2024-03-15T23:42:39Z,154,0.5546,0.7356,OPS-SITE_B,18
SITE_B,WF_V1,2024-03-18T06:23:32Z,206,0.5227,0.5086,OPS-SITE_B,19
SITE_B,WF_V1,2024-03-22T00:27:01Z,177,0.8259,0.741,OPS-SITE_B,20
SITE_B,WF_V1,2024-03-24T05:49:23Z,192,0.5281,0.6265,OPS-SITE_B,21
SITE_B,WF_V1,2024-03-26T12:46:18Z,195,0.5337,0.7149,OPS-SITE_B,22
SITE_B,WF_V1,2024-03-30T07:22:07Z,202,0.3533,0.4144,OPS-SITE_B,23
SITE_B,WF_V1,2024-04-02T21:42:52Z,236,0.4331,0.6594,OPS-SITE_B,24
SITE_B,WF_V1,2024-04-06T01:04:16Z,210,0.4534,0.7384,OPS-SITE_B,25
SITE_B,WF_V1,2024-04-08T03:54:50Z,183,0.6027,0.745,OPS-SITE_B,26
SITE_B,WF_V1,2024-04-11T07:27:10Z,177,0.388,0.7024,OPS-SITE_B,27
SITE_B,WF_V1,2024-04-14T05:04:21Z,244,0.5039,0.4681,OPS-SITE_B,28
SITE_B,WF_V1,2024-04-16T23:34:35Z,196,0.3389,0.7274,OPS-SITE_B,29
SITE_B,WF_V1,2024-04-20T23:31:35Z,231,0.7057,0.6487,OPS-SITE_B,30
SITE_B,WF_V1,2024-04-23T16:52:46Z,215,0.6167,0.9444,OPS-SITE_B,31
SITE_B,WF_V1,2024-04-27T16:21:12Z,153,0.3108,0.6955,OPS-SITE_B,32
SITE_B,WF_V1,2024-05-01T08:12:08Z,198,0.8542,0.605,OPS-SITE_B,33
SITE_B,WF_V1,2024-05-05T05:21:30Z,219,0.585,0.8562,OPS-SITE_B,34
SITE_B,WF_V1,2024-05-07T09:53:55Z,191,0.8351,0.586,OPS-SITE_B,35
SITE_B,WF_V1,2024-05-11T08:02:10Z,149,0.4555,0.5147,OPS-SITE_B,36
SITE_B,WF_V1,2024-05-15T03:40:24Z,173,0.6287,0.4916,OPS-SITE_B,37
SITE_B,WF_V1,2024-05-18T19:19:16Z,187,0.505,0.6311,OPS-SITE_B,38
SITE_B,WF_V1,2024-05-21T15:07:28Z,192,0.4459,0.8412,OPS-SITE_B,39
SITE_B,WF_V1,2024-05-23T17:20:37Z,180,0.8426,0.8852,OPS-SITE_B,40
SITE_B,WF_V1,2024-05-27T12:59:41Z,175,0.4594,0.7584,OPS-SITE_B,41
SITE_B,WF_V1,2024-05-29T14:49:24Z,178,0.3341,0.4055,OPS-SITE_B,42
SITE_B,WF_V1,2024-05-31T19:35:45Z,164,0.6678,0.4281,OPS-SITE_B,43
SITE_B,WF_V1,2024-06-03T08:52:44Z,229,0.3722,0.7946,OPS-SITE_B,44
SITE_B,WF_V1,2024-06-06T16:15:32Z,153,0.7847,0.8791,OPS-SITE_B,45
SITE_B,WF_V1,2024-06-09T12:07:29Z,246,0.5513,0.9347,OPS-SITE_B,46
SITE_B,WF_V1,2024-06-12T13:27:58Z,164,0.7605,0.7671,OPS-SITE_B,47
SITE_B,WF_V1,2024-06-15T02:36:34Z,217,0.8205,0.5213,OPS-SITE_B,48
SITE_B,WF_V1,2024-06-17T03:14:34Z,199,0.3529,0.8858,OPS-SITE_B,49
SITE_B,WF_V1,2024-06-19T21:21:31Z,194,0.769,0.6366,OPS-SITE_B,50
SITE_B,WF_V1,2024-06-23T15:06:52Z,192,0.6429,0.5224,OPS-SITE_B,51
SITE_B,WF_V1,2024-06-26T14:06:07Z,161,0.6208,0.4039,OPS-SITE_B,52
SITE_B,WF_V1,2024-06-28T19:19:53Z,256,0.7558,0.4344,OPS-SITE_B,53
SITE_B,WF_V1,2024-07-01T06:00:10Z,198,0.5771,0.5301,OPS-SITE_B,54
SITE_B,WF_V1,2024-07-05T04:54:27Z,125,0.7616,0.5508,OPS-SITE_B,55
SITE_B,WF_V1,2024-07-09T03:19:52Z,169,0.6718,0.9439,OPS-SITE_B,56
SITE_B,WF_V1,2024-07-12T09:04:42Z,187,0.7951,0.4177,OPS-SITE_B,57
SITE_B,WF_V1,2024-07-14T17:35:49Z,187,0.4413,0.8818,OPS-SITE_B,58
SITE_B,WF_V1,2024-07-17T04:58:32Z,193,0.5169,0.608,OPS-SITE_B,59
SITE_B,WF_V1,2024-07-20T07:14:51Z,252,0.7828,0.5363,OPS-SITE_B,60
SITE_B,WF_V1,2024-07-23T03:02:52Z,188,0.8244,0.7334,OPS-SITE_B,61
SITE_B,WF_V1,2024-07-25T15:06:41Z,210,0.7371,0.76,OPS-SITE_B,62
SITE_B,WF_V1,2024-07-29T05:00:18Z,154,0.7214,0.4067,OPS-SITE_B,63
SITE_B,WF_V1,2024-08-01T04:17:51Z,196,0.4503,0.9068,OPS-SITE_B,64
SITE_B,WF_V1,2024-08-03T12:19:00Z,180,0.6999,0.7508,OPS-SITE_B,65
SITE_B,WF_V1,2024-08-05T15:55:45Z,210,0.3055,0.5283,OPS-SITE_B,66
SITE_B,WF_V1,2024-08-07T19:16:41Z,191,0.3799,0.7554,OPS-SITE_B,67
SITE_B,WF_V1,2024-08-10T08:56:02Z,178,0.4593,0.5822,OPS-SITE_B,68
SITE_B,WF_V1,2024-08-13T15:35:21Z,198,0.6458,0.6264,OPS-SITE_B,69
SITE_B,WF_V1,2024-08-17T10:35:53Z,223,0.6631,0.4507,OPS-SITE_B,70
SITE_B,WF_V1,2024-08-19T11:21:06Z,230,0.4598,0.6731,OPS-SITE_B,71
SITE_B,WF_V1,2024-08-22T07:28:43Z,196,0.7088,0.5185,OPS-SITE_B,72
SITE_B,WF_V1,2024-08-25T03:33:48Z,143,0.3789,0.57,OPS-SITE_B,73
SITE_B,WF_V1,2024-08-28T23:54:23Z,191,0.3552,0.564,OPS-SITE_B,74
SITE_B,WF_V1,2024-08-31T11:54:01Z,207,0.8922,0.626,OPS-SITE_B,75
SITE_B,WF_V2,2024-09-10T11:41:26Z,136,0.8443,0.6133,OPS-SITE_B,1
SITE_B,WF_V2,2024-09-12T22:08:51Z,130,0.327,0.835,OPS-SITE_B,2
SITE_B,WF_V2,2024-09-15T22:48:22Z,110,0.4409,0.5506,OPS-SITE_B,3
SITE_B,WF_V2,2024-09-18T20:06:37Z,175,0.7287,0.4525,OPS-SITE_B,4
SITE_B,WF_V2,2024-09-21T19:23:37Z,177,0.6259,0.4793,OPS-SITE_B,5
SITE_B,WF_V2,2024-09-25T03:20:08Z,128,0.3016,0.4417,OPS-SITE_B,6
SITE_B,WF_V2,2024-09-28T13:28:46Z,152,0.6764,0.667,OPS-SITE_B,7
SITE_B,WF_V2,2024-09-30T18:05:41Z,130,0.6317,0.5318,OPS-SITE_B,8
SITE_B,WF_V2,2024-10-03T17:56:37Z,140,0.4167,0.6064,OPS-SITE_B,9
SITE_B,WF_V2,2024-10-06T13:04:10Z,158,0.7257,0.7395,OPS-SITE_B,10
SITE_B,WF_V2,2024-10-09T21:43:07Z,122,0.6428,0.919,OPS-SITE_B,11
SITE_B,WF_V2,2024-10-13T12:23:20Z,182,0.8773,0.6741,OPS-SITE_B,12
SITE_B,WF_V2,2024-10-15T19:15:29Z,125,0.5926,0.4596,OPS-SITE_B,13
SITE_B,WF_V2,2024-10-19T01:33:14Z,148,0.822,0.8351,OPS-SITE_B,14
SITE_B,WF_V2,2024-10-21T22:56:23Z,138,0.3478,0.4011,OPS-SITE_B,15
SITE_B,WF_V2,2024-10-24T22:59:48Z,187,0.8376,0.6764,OPS-SITE_B,16
SITE_B,WF_V2,2024-10-28T16:40:32Z,163,0.7725,0.915,OPS-SITE_B,17
SITE_B,WF_V2,2024-10-30T19:22:13Z,164,0.7021,0.5546,OPS-SITE_B,18
SITE_B,WF_V2,2024-11-03T07:32:45Z,166,0.5519,0.5518,OPS-SITE_B,19
SITE_B,WF_V2,2024-11-05T23:24:26Z,114,0.7868,0.4924,OPS-SITE_B,20
SITE_B,WF_V2,2024-11-08T03:41:19Z,128,0.5929,0.6091,OPS-SITE_B,21
SITE_B,WF_V2,2024-11-10T10:15:56Z,152,0.6445,0.5263,OPS-SITE_B,22
SITE_B,WF_V2,2024-11-14T03:58:09Z,138,0.5732,0.7055,OPS-SITE_B,23
SITE_B,WF_V2,2024-11-17T12:05:31Z,126,0.4831,0.7822,OPS-SITE_B,24
SITE_B,WF_V2,2024-11-19T21:04:17Z,162,0.7478,0.7289,OPS-SITE_B,25
SITE_B,WF_V2,2024-11-22T13:59:40Z,115,0.4274,0.8916,OPS-SITE_B,26
SITE_B,WF_V2,2024-11-25T23:50:03Z,149,0.8481,0.4804,OPS-SITE_B,27
SITE_B,WF_V2,2024-11-29T13:06:07Z,155,0.6211,0.8911,OPS-SITE_B,28
SITE_B,WF_V2,2024-12-02T16:30:45Z,94,0.7438,0.6804,OPS-SITE_B,29
SITE_B,WF_V2,2024-12-05T05:40:04Z,160,0.4147,0.6533,OPS-SITE_B,30
SITE_B,WF_V2,2024-12-09T03:43:39Z,151,0.5092,0.5073,OPS-SITE_B,31
SITE_B,WF_V2,2024-12-11T14:33:41Z,133,0.3515,0.9024,OPS-SITE_B,32
SITE_B,WF_V2,2024-12-15T01:30:00Z,134,0.4263,0.4269,OPS-SITE_B,33
SITE_B,WF_V2,2024-12-17T11:30:05Z,125,0.3362,0.5613,OPS-SITE_B,34
SITE_B,WF_V2,2024-12-21T01:27:20Z,193,0.3248,0.5172,OPS-SITE_B,35
SITE_B,WF_V2,2024-12-24T08:37:55Z,153,0.8063,0.5886,OPS-SITE_B,36
SITE_B,WF_V2,2024-12-27T20:02:49Z,155,0.8153,0.7475,OPS-SITE_B,37
SITE_B,WF_V2,2024-12-31T10:13:51Z,124,0.5601,0.8816,OPS-SITE_B,38
SITE_B,WF_V2,2025-01-02T14:59:53Z,213,0.5469,0.6239,OPS-SITE_B,39
SITE_B,WF_V2,2025-01-05T20:41:22Z,171,0.7674,0.5602,OPS-SITE_B,40
SITE_B,WF_V2,2025-01-08T06:08:20Z,169,0.399,0.7151,OPS-SITE_B,41
SITE_B,WF_V2,2025-01-10T14:23:34Z,125,0.569,0.4841,OPS-SITE_B,42
SITE_B,WF_V2,2025-01-12T18:04:47Z,130,0.8053,0.9435,OPS-SITE_B,43
SITE_B,WF_V2,2025-01-14T20:27:08Z,135,0.6438,0.8328,OPS-SITE_B,44
SITE_B,WF_V2,2025-01-17T20:46:05Z,147,0.8824,0.6458,OPS-SITE_B,45
SITE_B,WF_V2,2025-01-21T05:17:57Z,146,0.4767,0.841,OPS-SITE_B,46
SITE_B,WF_V2,2025-01-23T06:40:34Z,155,0.5757,0.9124,OPS-SITE_B,47
SITE_B,WF_V2,2025-01-26T21:01:41Z,184,0.7782,0.6517,OPS-SITE_B,48
SITE_B,WF_V2,2025-01-30T07:02:25Z,151,0.8957,0.4862,OPS-SITE_B,49
SITE_B,WF_V2,2025-02-01T15:20:14Z,213,0.8092,0.7986,OPS-SITE_B,50
SITE_B,WF_V2,2025-02-03T20:03:57Z,152,0.7802,0.9256,OPS-SITE_B,51
SITE_B,WF_V2,2025-02-07T01:59:36Z,166,0.3632,0.4647,OPS-SITE_B,52
SITE_B,WF_V2,2025-02-10T23:28:04Z,139,0.693,0.6373,OPS-SITE_B,53
SITE_B,WF_V2,2025-02-14T11:28:44Z,146,0.4614,0.7703,OPS-SITE_B,54
SITE_B,WF_V2,2025-02-18T04:01:52Z,140,0.6478,0.7094,OPS-SITE_B,55
SITE_B,WF_V2,2025-02-22T03:03:45Z,86,0.4656,0.771,OPS-SITE_B,56
SITE_B,WF_V2,2025-02-24T10:13:02Z,160,0.8012,0.5948,OPS-SITE_B,57
SITE_B,WF_V2,2025-02-27T15:00:27Z,144,0.8371,0.5895,OPS-SITE_B,58
SITE_B,WF_V2,2025-03-01T22:11:11Z,155,0.6657,0.5663,OPS-SITE_B,59
SITE_B,WF_V2,2025-03-05T07:42:50Z,165,0.6221,0.6181,OPS-SITE_B,60
SITE_B,WF_V2,2025-03-08T07:45:28Z,171,0.8312,0.4904,OPS-SITE_B,61
SITE_B,WF_V2,2025-03-12T02:01:21Z,129,0.6321,0.6403,OPS-SITE_B,62
SITE_B,WF_V2,2025-03-15T04:48:01Z,206,0.648,0.7545,OPS-SITE_B,63
SITE_B,WF_V2,2025-03-18T07:55:23Z,114,0.4576,0.8265,OPS-SITE_B,64
SITE_B,WF_V2,2025-03-21T07:09:57Z,128,0.5624,0.766,OPS-SITE_B,65
SITE_B,WF_V2,2025-03-24T12:07:25Z,152,0.7646,0.8076,OPS-SITE_B,66
SITE_B,WF_V2,2025-03-26T17:45:09Z,195,0.5107,0.6725,OPS-SITE_B,67
SITE_B,WF_V2,2025-03-29T16:12:12Z,156,0.3753,0.5661,OPS-SITE_B,68
SITE_B,WF_V2,2025-04-01T01:27:31Z,156,0.6012,0.6087,OPS-SITE_B,69
SITE_B,WF_V2,2025-04-04T12:18:41Z,184,0.4243,0.9042,OPS-SITE_B,70
SITE_B,WF_V2,2025-04-06T23:39:08Z,140,0.3281,0.659,OPS-SITE_B,71
SITE_B,WF_V2,2025-04-10T09:16:08Z,196,0.6694,0.6055,OPS-SITE_B,72
SITE_B,WF_V2,2025-04-12T17:18:16Z,132,0.3015,0.6995,OPS-SITE_B,73
SITE_B,WF_V2,2025-04-15T21:34:16Z,144,0.4139,0.6595,OPS-SITE_B,74
SITE_B,WF_V2,2025-04-18T16:53:50Z,153,0.3491,0.4338,OPS-SITE_B,75
SITE_B,WF_V2,2025-04-21T07:43:14Z,129,0.4581,0.524,OPS-SITE_B,76
SITE_B,WF_V2,2025-04-24T22:39:47Z,157,0.5362,0.8822,OPS-SITE_B,77
SITE_B,WF_V2,2025-04-27T12:20:33Z,181,0.512,0.4991,OPS-SITE_B,78
SITE_B,WF_V2,2025-05-01T06:34:16Z,126,0.3252,0.6651,OPS-SITE_B,79
SITE_B,WF_V2,2025-05-04T10:00:29Z,138,0.8072,0.7211,OPS-SITE_B,80
SITE_B,WF_V2,2025-05-07T15:11:19Z,140,0.5004,0.7889,OPS-SITE_B,81
SITE_B,WF_V2,2025-05-11T02:09:52Z,180,0.421,0.5787,OPS-SITE_B,82
SITE_B,WF_V2,2025-05-14T10:23:57Z,147,0.846,0.5974,OPS-SITE_B,83
SITE_B,WF_V2,2025-05-18T06:27:00Z,153,0.352,0.6298,OPS-SITE_B,84
SITE_B,WF_V2,2025-05-20T23:08:22Z,133,0.5926,0.7884,OPS-SITE_B,85
SITE_B,WF_V2,2025-05-24T21:41:32Z,183,0.8532,0.9156,OPS-SITE_B,86
SITE_B,WF_V2,2025-05-27T06:06:44Z,154,0.8971,0.842,OPS-SITE_B,87
SITE_B,WF_V2,2025-05-29T20:02:55Z,127,0.8441,0.811,OPS-SITE_B,88
SITE_B,WF_V3,2025-06-07T06:49:39Z,134,0.7275,0.6563,OPS-SITE_B,1
SITE_B,WF_V3,2025-06-09T20:10:14Z,113,0.4223,0.8,OPS-SITE_B,2
SITE_B,WF_V3,2025-06-12T19:58:42Z,180,0.6456,0.8393,OPS-SITE_B,3
SITE_B,WF_V3,2025-06-16T04:53:46Z,88,0.4102,0.5984,OPS-SITE_B,4
SITE_B,WF_V3,2025-06-19T22:08:00Z,130,0.5664,0.9477,OPS-SITE_B,5
SITE_B,WF_V3,2025-06-21T22:35:43Z,115,0.8573,0.6699,OPS-SITE_B,6
SITE_B,WF_V3,2025-06-25T18:48:26Z,132,0.5066,0.6896,OPS-SITE_B,7
SITE_B,WF_V3,2025-06-28T15:28:48Z,128,0.7175,0.8759,OPS-SITE_B,8
SITE_B,WF_V3,2025-07-02T06:08:39Z,124,0.7506,0.4858,OPS-SITE_B,9
SITE_B,WF_V3,2025-07-05T17:51:57Z,131,0.6365,0.7553,OPS-SITE_B,10
SITE_B,WF_V3,2025-07-08T04:44:41Z,106,0.4988,0.4727,OPS-SITE_B,11
SITE_B,WF_V3,2025-07-12T01:27:56Z,144,0.8366,0.7433,OPS-SITE_B,12
SITE_B,WF_V3,2025-07-15T01:12:26Z,127,0.7412,0.8267,OPS-SITE_B,13
SITE_B,WF_V3,2025-07-18T18:53:10Z,160,0.4204,0.8409,OPS-SITE_B,14
SITE_B,WF_V3,2025-07-22T11:19:56Z,145,0.3841,0.8859,OPS-SITE_B,15
SITE_B,WF_V3,2025-07-25T17:16:52Z,151,0.8321,0.5853,OPS-SITE_B,16
SITE_B,WF_V3,2025-07-28T00:11:30Z,136,0.6726,0.7231,OPS-SITE_B,17
SITE_B,WF_V3,2025-07-30T23:52:51Z,103,0.8494,0.705,OPS-SITE_B,18
SITE_B,WF_V3,2025-08-02T16:38:14Z,118,0.7728,0.7184,OPS-SITE_B,19
SITE_B,WF_V3,2025-08-04T20:46:34Z,127,0.3158,0.5991,OPS-SITE_B,20
SITE_B,WF_V3,2025-08-07T14:57:02Z,127,0.7003,0.7891,OPS-SITE_B,21
SITE_B,WF_V3,2025-08-10T12:30:05Z,127,0.4551,0.8313,OPS-SITE_B,22
SITE_B,WF_V3,2025-08-13T21:25:22Z,123,0.5937,0.6011,OPS-SITE_B,23
SITE_B,WF_V3,2025-08-17T17:09:15Z,134,0.3576,0.4814,OPS-SITE_B,24
SITE_B,WF_V3,2025-08-20T06:53:15Z,131,0.7365,0.468,OPS-SITE_B,25
SITE_B,WF_V3,2025-08-22T10:09:36Z,143,0.3142,0.5247,OPS-SITE_B,26
SITE_B,WF_V3,2025-08-24T11:18:04Z,124,0.6038,0.6948,OPS-SITE_B,27
SITE_B,WF_V3,2025-08-27T01:39:43Z,120,0.5318,0.5916,OPS-SITE_B,28
SITE_B,WF_V3,2025-08-30T09:01:18Z,153,0.548,0.5378,OPS-SITE_B,29
SITE_B,WF_V3,2025-09-02T21:26:32Z,135,0.7803,0.6108,OPS-SITE_B,30
SITE_B,WF_V3,2025-09-06T17:15:09Z,116,0.6336,0.7611,OPS-SITE_B,31
SITE_B,WF_V3,2025-09-09T23:54:08Z,109,0.341,0.499,OPS-SITE_B,32
SITE_B,WF_V3,2025-09-13T08:16:48Z,112,0.5913,0.7387,OPS-SITE_B,33
SITE_B,WF_V3,2025-09-16T15:50:17Z,146,0.6355,0.9282,OPS-SITE_B,34
SITE_B,WF_V3,2025-09-19T06:17:23Z,128,0.5588,0.4486,OPS-SITE_B,35
SITE_B,WF_V3,2025-09-22T23:00:18Z,148,0.5598,0.6153,OPS-SITE_B,36
SITE_B,WF_V3,2025-09-25T07:48:47Z,112,0.3477,0.5273,OPS-SITE_B,37
SITE_B,WF_V3,2025-09-28T02:30:39Z,108,0.5727,0.4231,OPS-SITE_B,38
SITE_B,WF_V3,2025-09-30T06:21:41Z,129,0.8578,0.8185,OPS-SITE_B,39
SITE_B,WF_V3,2025-10-03T16:43:37Z,126,0.4788,0.4137,OPS-SITE_B,40
SITE_B,WF_V3,2025-10-06T04:52:15Z,138,0.6104,0.5062,OPS-SITE_B,41
SITE_B,WF_V3,2025-10-09T20:36:01Z,132,0.5498,0.6543,OPS-SITE_B,42
SITE_B,WF_V3,2025-10-13T14:42:35Z,125,0.5168,0.5886,OPS-SITE_B,43
SITE_B,WF_V3,2025-10-16T16:22:10Z,104,0.6211,0.4197,OPS-SITE_B,44
SITE_B,WF_V3,2025-10-19T07:42:50Z,126,0.8566,0.9,OPS-SITE_B,45
SITE_B,WF_V3,2025-10-21T16:01:50Z,110,0.8363,0.5453,OPS-SITE_B,46
SITE_B,WF_V3,2025-10-23T20:27:52Z,124,0.3276,0.5874,OPS-SITE_B,47
SITE_B,WF_V3,2025-10-27T01:50:11Z,119,0.6328,0.909,OPS-SITE_B,48
SITE_B,WF_V3,2025-10-29T21:20:27Z,119,0.5667,0.6211,OPS-SITE_B,49
SITE_B,WF_V3,2025-11-02T14:00:23Z,126,0.5788,0.7038,OPS-SITE_B,50
SITE_B,WF_V3,2025-11-04T16:51:02Z,148,0.758,0.4248,OPS-SITE_B,51
SITE_B,WF_V3,2025-11-07T13:16:57Z,151,0.4588,0.5271,OPS-SITE_B,52
SITE_B,WF_V3,2025-11-09T18:50:22Z,115,0.4141,0.5092,OPS-SITE_B,53
SITE_B,WF_V3,2025-11-11T20:23:42Z,119,0.3178,0.8736,OPS-SITE_B,54
SITE_B,WF_V3,2025-11-15T03:54:48Z,159,0.4913,0.793,OPS-SITE_B,55
SITE_B,WF_V3,2025-11-18T15:13:34Z,134,0.8196,0.6065,OPS-SITE_B,56
SITE_B,WF_V3,2025-11-22T08:45:11Z,135,0.4904,0.5053,OPS-SITE_B,57
SITE_B,WF_V3,2025-11-25T16:33:18Z,123,0.3443,0.6152,OPS-SITE_B,58
SITE_B,WF_V3,2025-11-28T09:09:41Z,142,0.6498,0.7128,OPS-SITE_B,59
SITE_B,WF_V3,2025-11-30T23:21:11Z,108,0.8762,0.6555,OPS-SITE_B,60
SITE_B,WF_V3,2025-12-02T23:24:18Z,136,0.7862,0.5467,OPS-SITE_B,61
SITE_B,WF_V3,2025-12-06T04:11:58Z,138,0.7832,0.4086,OPS-SITE_B,62
SITE_B,WF_V3,2025-12-09T10:33:29Z,157,0.4432,0.4973,OPS-SITE_B,63
SITE_B,WF_V3,2025-12-11T13:49:54Z,123,0.3917,0.8694,OPS-SITE_B,64
SITE_B,WF_V3,2025-12-14T22:35:17Z,133,0.3612,0.7842,OPS-SITE_B,65
SITE_B,WF_V3,2025-12-17T17:19:12Z,170,0.836,0.4981,OPS-SITE_B,66
SITE_B,WF_V3,2025-12-21T04:23:02Z,142,0.7932,0.6867,OPS-SITE_B,67
SITE_B,WF_V3,2025-12-24T11:18:43Z,165,0.5216,0.7433,OPS-SITE_B,68
SITE_B,WF_V3,2025-12-27T18:06:58Z,115,0.4686,0.8171,OPS-SITE_B,69
SITE_B,WF_V3,2025-12-30T07:38:41Z,155,0.7144,0.4239,OPS-SITE_B,70
SITE_B,WF_V3,2026-01-02T23:50:15Z,128,0.5088,0.595,OPS-SITE_B,71
SITE_B,WF_V3,2026-01-06T06:44:18Z,131,0.794,0.5328,OPS-SITE_B,72
SITE_B,WF_V3,2026-01-09T19:19:55Z,112,0.4931,0.7391,OPS-SITE_B,73
SITE_B,WF_V3,2026-01-11T20:48:50Z,110,0.643,0.803,OPS-SITE_B,74
SITE_B,WF_V3,2026-01-14T17:27:55Z,136,0.3653,0.4026,OPS-SITE_B,75
SITE_B,WF_V3,2026-01-17T21:10:06Z,104,0.8118,0.7044,OPS-SITE_B,76
SITE_B,WF_V3,2026-01-21T06:50:34Z,150,0.7659,0.4206,OPS-SITE_B,77
SITE_B,WF_V3,2026-01-24T19:53:33Z,105,0.51,0.4252,OPS-SITE_B,78
SITE_B,WF_V3,2026-01-27T01:32:10Z,106,0.5679,0.7314,OPS-SITE_B,79
SITE_B,WF_V3,2026-01-30T04:40:38Z,134,0.5656,0.5006,OPS-SITE_B,80
SITE_B,WF_V3,2026-02-01T15:58:31Z,130,0.4747,0.5102,OPS-SITE_B,81
SITE_B,WF_V3,2026-02-05T05:32:03Z,111,0.7207,0.6225,OPS-SITE_B,82
SITE_B,WF_V3,2026-02-07T22:33:20Z,132,0.3608,0.4274,OPS-SITE_B,83
SITE_B,WF_V3,2026-02-10T07:26:36Z,111,0.3178,0.4313,OPS-SITE_B,84
SITE_B,WF_V3,2026-02-12T09:25:35Z,111,0.8223,0.7434,OPS-SITE_B,85
SITE_B,WF_V3,2026-02-15T17:52:58Z,127,0.6183,0.8748,OPS-SITE_B,86
SITE_B,WF_V3,2026-02-18T14:54:01Z,163,0.3444,0.456,OPS-SITE_B,87
SITE_B,WF_V3,2026-02-21T23:51:13Z,131,0.3385,0.4916,OPS-SITE_B,88
SITE_B,WF_V3,2026-02-24T21:40:49Z,131,0.6409,0.7873,OPS-SITE_B,89
SITE_B,WF_V3,2026-02-28T02:10:55Z,132,0.6115,0.6023,OPS-SITE_B,90
SITE_B,WF_V3,2026-03-03T21:52:24Z,128,0.7814,0.9355,OPS-SITE_B,91
SITE_B,WF_V3,2026-03-07T15:28:35Z,137,0.6061,0.5379,OPS-SITE_B,92
SITE_B,WF_V3,2026-03-09T15:39:21Z,107,0.6924,0.6577,OPS-SITE_B,93
SITE_B,WF_V3,2026-03-11T18:58:03Z,133,0.8106,0.7353,OPS-SITE_B,94
SITE_B,WF_V3,2026-03-13T19:08:48Z,159,0.3775,0.8971,OPS-SITE_B,95
SITE_B,WF_V3,2026-03-16T21:41:54Z,133,0.5403,0.8155,OPS-SITE_B,96
SITE_B,WF_V3,2026-03-19T23:37:01Z,138,0.4515,0.4276,OPS-SITE_B,97
SITE_B,WF_V3,2026-03-22T17:16:36Z,152,0.6345,0.793,OPS-SITE_B,98
SITE_B,WF_V3,2026-03-25T20:29:40Z,121,0.6336,0.5918,OPS-SITE_B,99
SITE_B,WF_V3,2026-03-29T06:47:39Z,103,0.6408,0.5175,OPS-SITE_B,100
SITE_B,WF_V3,2026-04-01T10:05:48Z,165,0.807,0.8589,OPS-SITE_B,101
SITE_B,WF_V3,2026-04-04T00:32:59Z,144,0.739,0.7337,OPS-SITE_B,102
SITE_B,WF_V3,2026-04-07T08:24:21Z,131,0.4498,0.5789,OPS-SITE_B,103
SITE_B,WF_V3,2026-04-10T10:59:54Z,156,0.7509,0.8476,OPS-SITE_B,104
SITE_B,WF_V3,2026-04-12T11:09:44Z,109,0.5977,0.5983,OPS-SITE_B,105
SITE_B,WF_V3,2026-04-15T15:29:54Z,130,0.7292,0.745,OPS-SITE_B,106
SITE_B,WF_V3,2026-04-18T03:02:41Z,135,0.6431,0.8836,OPS-SITE_B,107
SITE_B,WF_V3,2026-04-21T18:26:54Z,120,0.7753,0.6267,OPS-SITE_B,108
SITE_B,WF_V3,2026-04-25T08:44:23Z,92,0.8733,0.7952,OPS-SITE_B,109
SITE_B,WF_V3,2026-04-28T04:17:09Z,136,0.3658,0.4424,OPS-SITE_B,110
SITE_B,WF_V3,2026-04-30T16:52:10Z,107,0.3467,0.8654,OPS-SITE_B,111
SITE_B,WF_V3,2026-05-03T09:40:33Z,153,0.5376,0.724,OPS-SITE_B,112
SITE_B,WF_V3,2026-05-07T03:25:58Z,133,0.7023,0.943,OPS-SITE_B,113
SITE_B,WF_V3,2026-05-09T11:50:56Z,146,0.5747,0.7543,OPS-SITE_B,114
SITE_B,WF_V3,2026-05-11T17:47:07Z,150,0.4163,0.7671,OPS-SITE_B,115
SITE_B,WF_V3,2026-05-15T11:25:59Z,116,0.4156,0.4624,OPS-SITE_B,116
SITE_B,WF_V3,2026-05-18T08:26:26Z,105,0.5033,0.8097,OPS-SITE_B,117
SITE_B,WF_V3,2026-05-21T06:35:20Z,133,0.7027,0.8837,OPS-SITE_B,118
SITE_B,WF_V3,2026-05-23T22:59:14Z,155,0.7345,0.4162,OPS-SITE_B,119
SITE_B,WF_V3,2026-05-26T05:13:13Z,127,0.4101,0.8858,OPS-SITE_B,120
SITE_B,WF_V3,2026-05-29T20:47:49Z,150,0.8381,0.4181,OPS-SITE_B,121
SITE_B,WF_V3,2026-06-01T08:33:17Z,122,0.7721,0.7716,OPS-SITE_B,122
SITE_B,WF_V3,2026-06-04T04:10:54Z,177,0.3448,0.6124,OPS-SITE_B,123
SITE_B,WF_V3,2026-06-07T09:56:00Z,128,0.6076,0.7045,OPS-SITE_B,124
SITE_B,WF_V3,2026-06-09T19:12:31Z,168,0.5797,0.9422,OPS-SITE_B,125
SITE_B,WF_V3,2026-06-12T00:55:46Z,101,0.4633,0.638,OPS-SITE_B,126
SITE_B,WF_V3,2026-06-15T19:46:53Z,142,0.5861,0.4443,OPS-SITE_B,127
SITE_B,WF_V3,2026-06-17T23:30:40Z,112,0.3293,0.6636,OPS-SITE_B,128
SITE_B,WF_V3,2026-06-21T19:09:02Z,119,0.7896,0.6564,OPS-SITE_B,129
SITE_B,WF_V3,2026-06-25T06:37:34Z,110,0.5247,0.6399,OPS-SITE_B,130
SITE_B,WF_V3,2026-06-28T01:38:52Z,115,0.4674,0.9468,OPS-SITE_B,131
SITE_C,WF_V1,2024-01-26T10:26:34Z,395,0.3004,0.8789,OPS-SITE_C,1
SITE_C,WF_V1,2024-01-28T14:16:13Z,401,0.4479,0.7235,OPS-SITE_C,2
SITE_C,WF_V1,2024-02-01T00:50:57Z,321,0.4602,0.8115,OPS-SITE_C,3
SITE_C,WF_V1,2024-02-03T21:39:29Z,329,0.753,0.8753,OPS-SITE_C,4
SITE_C,WF_V1,2024-02-06T02:45:37Z,336,0.4605,0.8508,OPS-SITE_C,5
SITE_C,WF_V1,2024-02-08T07:09:58Z,345,0.8138,0.7909,OPS-SITE_C,6
SITE_C,WF_V1,2024-02-11T16:52:46Z,302,0.5238,0.5511,OPS-SITE_C,7
SITE_C,WF_V1,2024-02-14T22:33:58Z,401,0.7494,0.5641,OPS-SITE_C,8
SITE_C,WF_V1,2024-02-18T03:41:11Z,261,0.8426,0.8726,OPS-SITE_C,9
SITE_C,WF_V1,2024-02-20T23:28:01Z,333,0.7822,0.7517,OPS-SITE_C,10
SITE_C,WF_V1,2024-02-24T10:32:18Z,394,0.645,0.692,OPS-SITE_C,11
SITE_C,WF_V1,2024-02-28T04:10:52Z,364,0.6844,0.5598,OPS-SITE_C,12
SITE_C,WF_V1,2024-03-03T02:05:17Z,275,0.389,0.749,OPS-SITE_C,13
SITE_C,WF_V1,2024-03-06T20:38:35Z,354,0.3867,0.485,OPS-SITE_C,14
SITE_C,WF_V1,2024-03-10T09:13:14Z,340,0.372,0.9174,OPS-SITE_C,15
SITE_C,WF_V1,2024-03-13T18:47:25Z,284,0.4848,0.846,OPS-SITE_C,16
SITE_C,WF_V1,2024-03-16T22:51:00Z,339,0.428,0.6485,OPS-SITE_C,17
SITE_C,WF_V1,2024-03-19T10:35:04Z,272,0.554,0.8731,OPS-SITE_C,18
SITE_C,WF_V1,2024-03-22T09:04:57Z,290,0.7343,0.6316,OPS-SITE_C,19
SITE_C,WF_V1,2024-03-25T21:42:57Z,400,0.7127,0.7404,OPS-SITE_C,20
SITE_C,WF_V1,2024-03-29T03:46:28Z,345,0.3508,0.8069,OPS-SITE_C,21
SITE_C,WF_V1,2024-03-31T17:20:38Z,263,0.5719,0.8691,OPS-SITE_C,22
SITE_C,WF_V1,2024-04-04T08:44:07Z,366,0.807,0.6844,OPS-SITE_C,23
SITE_C,WF_V1,2024-04-08T08:16:37Z,303,0.676,0.7673,OPS-SITE_C,24
SITE_C,WF_V1,2024-04-11T17:46:00Z,316,0.4258,0.8897,OPS-SITE_C,25
SITE_C,WF_V1,2024-04-15T16:53:29Z,368,0.8985,0.6615,OPS-SITE_C,26
SITE_C,WF_V1,2024-04-19T00:52:39Z,265,0.309,0.8605,OPS-SITE_C,27
SITE_C,WF_V1,2024-04-22T12:26:33Z,320,0.721,0.9058,OPS-SITE_C,28
SITE_C,WF_V1,2024-04-25T14:55:16Z,251,0.5656,0.7937,OPS-SITE_C,29
SITE_C,WF_V1,2024-04-28T16:22:25Z,360,0.3385,0.9053,OPS-SITE_C,30
SITE_C,WF_V1,2024-05-01T17:17:15Z,276,0.6474,0.6498,OPS-SITE_C,31
SITE_C,WF_V1,2024-05-04T17:46:28Z,321,0.5673,0.5162,OPS-SITE_C,32
SITE_C,WF_V1,2024-05-07T01:57:37Z,288,0.3465,0.5675,OPS-SITE_C,33
SITE_C,WF_V1,2024-05-10T11:22:18Z,333,0.4788,0.7897,OPS-SITE_C,34
SITE_C,WF_V1,2024-05-12T22:22:22Z,244,0.7278,0.6018,OPS-SITE_C,35
SITE_C,WF_V1,2024-05-15T17:55:21Z,393,0.4925,0.7183,OPS-SITE_C,36
SITE_C,WF_V1,2024-05-18T23:38:14Z,363,0.7829,0.6044,OPS-SITE_C,37
SITE_C,WF_V1,2024-05-22T06:07:39Z,292,0.8069,0.4723,OPS-SITE_C,38
SITE_C,WF_V1,2024-05-25T17:55:46Z,471,0.6906,0.5206,OPS-SITE_C,39
SITE_C,WF_V1,2024-05-28T18:09:52Z,288,0.3844,0.8844,OPS-SITE_C,40
SITE_C,WF_V1,2024-05-31T11:01:31Z,349,0.774,0.8386,OPS-SITE_C,41
SITE_C,WF_V1,2024-06-02T23:48:57Z,272,0.3348,0.4263,OPS-SITE_C,42
SITE_C,WF_V1,2024-06-06T09:31:34Z,320,0.799,0.8265,OPS-SITE_C,43
SITE_C,WF_V1,2024-06-08T20:02:32Z,311,0.7069,0.8663,OPS-SITE_C,44
SITE_C,WF_V1,2024-06-10T22:06:53Z,254,0.6798,0.7335,OPS-SITE_C,45
SITE_C,WF_V1,2024-06-12T22:48:52Z,280,0.7497,0.6767,OPS-SITE_C,46
SITE_C,WF_V1,2024-06-16T17:01:39Z,296,0.761,0.8102,OPS-SITE_C,47
SITE_C,WF_V1,2024-06-20T06:38:03Z,267,0.6562,0.6227,OPS-SITE_C,48
SITE_C,WF_V1,2024-06-23T15:13:21Z,368,0.5895,0.7019,OPS-SITE_C,49
SITE_C,WF_V1,2024-06-26T04:25:17Z,282,0.8669,0.4639,OPS-SITE_C,50
SITE_C,WF_V1,2024-06-29T23:16:03Z,309,0.8795,0.4896,OPS-SITE_C,51
SITE_C,WF_V1,2024-07-03T15:40:27Z,335,0.3854,0.8532,OPS-SITE_C,52
SITE_C,WF_V1,2024-07-06T02:53:35Z,353,0.8375,0.4767,OPS-SITE_C,53
SITE_C,WF_V1,2024-07-09T13:39:11Z,285,0.4601,0.8254,OPS-SITE_C,54
SITE_C,WF_V1,2024-07-12T19:53:42Z,302,0.7908,0.7284,OPS-SITE_C,55
SITE_C,WF_V1,2024-07-15T06:01:39Z,244,0.3245,0.6048,OPS-SITE_C,56
SITE_C,WF_V1,2024-07-18T01:58:20Z,312,0.7476,0.6403,OPS-SITE_C,57
SITE_C,WF_V1,2024-07-20T22:23:22Z,284,0.6074,0.8576,OPS-SITE_C,58
SITE_C,WF_V1,2024-07-24T08:55:30Z,294,0.4721,0.8075,OPS-SITE_C,59
SITE_C,WF_V1,2024-07-27T20:01:42Z,334,0.4908,0.6759,OPS-SITE_C,60
SITE_C,WF_V1,2024-07-29T20:03:55Z,296,0.5542,0.6397,OPS-SITE_C,61
SITE_C,WF_V1,2024-08-01T03:22:50Z,334,0.5092,0.6301,OPS-SITE_C,62
SITE_C,WF_V1,2024-08-04T03:59:26Z,305,0.3819,0.5679,OPS-SITE_C,63
SITE_C,WF_V1,2024-08-07T00:25:31Z,346,0.4488,0.4786,OPS-SITE_C,64
SITE_C,WF_V1,2024-08-10T17:13:00Z,360,0.6316,0.7983,OPS-SITE_C,65
SITE_C,WF_V1,2024-08-13T08:30:44Z,237,0.6715,0.9126,OPS-SITE_C,66
SITE_C,WF_V1,2024-08-16T09:41:20Z,377,0.5702,0.9404,OPS-SITE_C,67
SITE_C,WF_V1,2024-08-19T17:31:40Z,319,0.5049,0.7447,OPS-SITE_C,68
SITE_C,WF_V1,2024-08-22T01:18:23Z,352,0.7464,0.8012,OPS-SITE_C,69
SITE_C,WF_V1,2024-08-25T01:04:59Z,343,0.8747,0.6097,OPS-SITE_C,70
SITE_C,WF_V1,2024-08-28T04:34:36Z,441,0.6171,0.4044,OPS-SITE_C,71
SITE_C,WF_V1,2024-08-31T20:27:33Z,367,0.5561,0.7531,OPS-SITE_C,72
SITE_C,WF_V2,2024-09-07T02:24:31Z,308,0.55,0.4331,OPS-SITE_C,1
SITE_C,WF_V2,2024-09-09T18:15:06Z,219,0.5348,0.7535,OPS-SITE_C,2
SITE_C,WF_V2,2024-09-13T10:35:03Z,245,0.4421,0.7719,OPS-SITE_C,3
SITE_C,WF_V2,2024-09-17T00:23:46Z,290,0.5787,0.4324,OPS-SITE_C,4
SITE_C,WF_V2,2024-09-20T05:23:55Z,304,0.3715,0.7419,OPS-SITE_C,5
SITE_C,WF_V2,2024-09-22T08:42:07Z,239,0.313,0.6757,OPS-SITE_C,6
SITE_C,WF_V2,2024-09-24T18:59:30Z,297,0.674,0.7437,OPS-SITE_C,7
SITE_C,WF_V2,2024-09-27T10:50:44Z,297,0.8596,0.5591,OPS-SITE_C,8
SITE_C,WF_V2,2024-10-01T00:06:06Z,233,0.691,0.8043,OPS-SITE_C,9
SITE_C,WF_V2,2024-10-04T21:10:42Z,249,0.4862,0.4955,OPS-SITE_C,10
SITE_C,WF_V2,2024-10-08T02:45:26Z,308,0.6818,0.5418,OPS-SITE_C,11
SITE_C,WF_V2,2024-10-10T21:46:43Z,264,0.491,0.4612,OPS-SITE_C,12
SITE_C,WF_V2,2024-10-14T05:09:46Z,285,0.4455,0.4581,OPS-SITE_C,13
SITE_C,WF_V2,2024-10-16T20:51:21Z,224,0.3392,0.5392,OPS-SITE_C,14
SITE_C,WF_V2,2024-10-20T03:19:09Z,262,0.3875,0.4853,OPS-SITE_C,15
SITE_C,WF_V2,2024-10-22T10:24:52Z,298,0.8387,0.4726,OPS-SITE_C,16
SITE_C,WF_V2,2024-10-25T00:06:11Z,260,0.4529,0.5324,OPS-SITE_C,17
SITE_C,WF_V2,2024-10-28T16:51:20Z,338,0.3938,0.4231,OPS-SITE_C,18
SITE_C,WF_V2,2024-10-30T17:14:47Z,266,0.5124,0.9319,OPS-SITE_C,19
SITE_C,WF_V2,2024-11-02T01:34:15Z,274,0.8566,0.5797,OPS-SITE_C,20
SITE_C,WF_V2,2024-11-04T19:08:18Z,270,0.5764,0.8989,OPS-SITE_C,21
SITE_C,WF_V2,2024-11-08T16:11:43Z,281,0.3445,0.7044,OPS-SITE_C,22
SITE_C,WF_V2,2024-11-11T07:48:56Z,277,0.4893,0.769,OPS-SITE_C,23
SITE_C,WF_V2,2024-11-14T11:33:21Z,293,0.5086,0.4996,OPS-SITE_C,24
SITE_C,WF_V2,2024-11-17T16:26:12Z,274,0.4205,0.5838,OPS-SITE_C,25
SITE_C,WF_V2,2024-11-21T12:26:27Z,339,0.4157,0.8083,OPS-SITE_C,26
SITE_C,WF_V2,2024-11-23T17:47:55Z,245,0.3387,0.5028,OPS-SITE_C,27
SITE_C,WF_V2,2024-11-27T16:49:37Z,274,0.8428,0.5582,OPS-SITE_C,28
SITE_C,WF_V2,2024-12-01T12:03:30Z,265,0.8106,0.4571,OPS-SITE_C,29
SITE_C,WF_V2,2024-12-05T08:30:52Z,261,0.8546,0.5745,OPS-SITE_C,30
SITE_C,WF_V2,2024-12-08T19:26:13Z,292,0.8341,0.798,OPS-SITE_C,31
SITE_C,WF_V2,2024-12-12T10:12:16Z,250,0.3717,0.6387,OPS-SITE_C,32
SITE_C,WF_V2,2024-12-15T19:55:03Z,252,0.4062,0.4713,OPS-SITE_C,33
SITE_C,WF_V2,2024-12-18T02:00:23Z,269,0.7186,0.5088,OPS-SITE_C,34
SITE_C,WF_V2,2024-12-20T19:41:39Z,260,0.3821,0.6929,OPS-SITE_C,35
SITE_C,WF_V2,2024-12-24T07:14:37Z,310,0.7837,0.7531,OPS-SITE_C,36
SITE_C,WF_V2,2024-12-26T23:14:11Z,230,0.3175,0.9297,OPS-SITE_C,37
SITE_C,WF_V2,2024-12-29T22:29:09Z,255,0.8859,0.5827,OPS-SITE_C,38
SITE_C,WF_V2,2025-01-01T14:22:52Z,329,0.761,0.7996,OPS-SITE_C,39
SITE_C,WF_V2,2025-01-05T03:00:08Z,308,0.3042,0.5871,OPS-SITE_C,40
SITE_C,WF_V2,2025-01-09T02:57:26Z,285,0.7193,0.4861,OPS-SITE_C,41
SITE_C,WF_V2,2025-01-12T18:32:32Z,212,0.331,0.5224,OPS-SITE_C,42
SITE_C,WF_V2,2025-01-16T12:46:46Z,291,0.5223,0.825,OPS-SITE_C,43
SITE_C,WF_V2,2025-01-20T00:01:56Z,302,0.646,0.4282,OPS-SITE_C,44
SITE_C,WF_V2,2025-01-22T15:26:41Z,220,0.6393,0.8659,OPS-SITE_C,45
SITE_C,WF_V2,2025-01-25T05:51:53Z,259,0.693,0.7179,OPS-SITE_C,46
SITE_C,WF_V2,2025-01-28T22:39:41Z,271,0.6755,0.4672,OPS-SITE_C,47
SITE_C,WF_V2,2025-01-31T11:03:35Z,280,0.8626,0.8507,OPS-SITE_C,48
SITE_C,WF_V2,2025-02-03T08:58:46Z,318,0.4891,0.4155,OPS-SITE_C,49
SITE_C,WF_V2,2025-02-06T15:01:02Z,261,0.5307,0.6853,OPS-SITE_C,50
SITE_C,WF_V2,2025-02-10T10:54:22Z,246,0.4025,0.5705,OPS-SITE_C,51
SITE_C,WF_V2,2025-02-12T17:07:07Z,254,0.7603,0.6061,OPS-SITE_C,52
SITE_C,WF_V2,2025-02-15T16:20:04Z,281,0.7733,0.9089,OPS-SITE_C,53
SITE_C,WF_V2,2025-02-19T05:11:24Z,247,0.3395,0.4529,OPS-SITE_C,54
SITE_C,WF_V2,2025-02-22T13:14:46Z,253,0.6048,0.4267,OPS-SITE_C,55
SITE_C,WF_V2,2025-02-24T23:34:17Z,231,0.6018,0.6462,OPS-SITE_C,56
SITE_C,WF_V2,2025-02-28T08:22:46Z,223,0.3657,0.8805,OPS-SITE_C,57
SITE_C,WF_V2,2025-03-02T18:48:03Z,265,0.5024,0.6273,OPS-SITE_C,58
SITE_C,WF_V2,2025-03-06T03:07:04Z,290,0.767,0.6209,OPS-SITE_C,59
SITE_C,WF_V2,2025-03-08T11:04:31Z,221,0.5712,0.8833,OPS-SITE_C,60
SITE_C,WF_V2,2025-03-11T10:49:27Z,198,0.7128,0.8066,OPS-SITE_C,61
SITE_C,WF_V2,2025-03-14T03:44:03Z,228,0.6042,0.7338,OPS-SITE_C,62
SITE_C,WF_V2,2025-03-17T15:50:02Z,284,0.7687,0.55,OPS-SITE_C,63
SITE_C,WF_V2,2025-03-20T18:43:26Z,260,0.617,0.5282,OPS-SITE_C,64
SITE_C,WF_V2,2025-03-23T02:04:40Z,246,0.6657,0.5663,OPS-SITE_C,65
SITE_C,WF_V2,2025-03-25T02:58:07Z,288,0.8537,0.5518,OPS-SITE_C,66
SITE_C,WF_V2,2025-03-28T21:16:14Z,270,0.7037,0.8843,OPS-SITE_C,67
SITE_C,WF_V2,2025-03-31T18:19:38Z,285,0.7336,0.7724,OPS-SITE_C,68
SITE_C,WF_V2,2025-04-03T06:03:41Z,250,0.7119,0.7514,OPS-SITE_C,69
SITE_C,WF_V2,2025-04-06T10:14:15Z,244,0.7736,0.5961,OPS-SITE_C,70
SITE_C,WF_V2,2025-04-09T04:25:59Z,280,0.5874,0.6067,OPS-SITE_C,71
SITE_C,WF_V2,2025-04-13T02:44:26Z,275,0.4402,0.6287,OPS-SITE_C,72
SITE_C,WF_V2,2025-04-16T16:25:55Z,304,0.4871,0.8263,OPS-SITE_C,73
SITE_C,WF_V2,2025-04-19T15:35:18Z,250,0.3725,0.5584,OPS-SITE_C,74
SITE_C,WF_V2,2025-04-22T04:09:13Z,312,0.4898,0.9345,OPS-SITE_C,75
SITE_C,WF_V2,2025-04-26T00:02:37Z,230,0.4582,0.7346,OPS-SITE_C,76
SITE_C,WF_V2,2025-04-29T19:40:09Z,272,0.8668,0.9125,OPS-SITE_C,77
SITE_C,WF_V2,2025-05-03T00:38:48Z,243,0.4273,0.7811,OPS-SITE_C,78
SITE_C,WF_V2,2025-05-05T02:36:20Z,284,0.5476,0.671,OPS-SITE_C,79
SITE_C,WF_V2,2025-05-07T07:30:09Z,273,0.5197,0.4807,OPS-SITE_C,80
SITE_C,WF_V2,2025-05-09T08:03:30Z,300,0.4935,0.591,OPS-SITE_C,81
SITE_C,WF_V2,2025-05-11T12:01:59Z,296,0.7387,0.8881,OPS-SITE_C,82
SITE_C,WF_V2,2025-05-14T00:55:55Z,287,0.864,0.8304,OPS-SITE_C,83
SITE_C,WF_V2,2025-05-17T10:28:10Z,282,0.5228,0.8944,OPS-SITE_C,84
SITE_C,WF_V2,2025-05-19T23:25:46Z,333,0.41,0.5067,OPS-SITE_C,85
SITE_C,WF_V2,2025-05-23T09:28:54Z,257,0.3294,0.8436,OPS-SITE_C,86
SITE_C,WF_V2,2025-05-26T04:23:01Z,284,0.5919,0.8608,OPS-SITE_C,87
SITE_C,WF_V2,2025-05-28T11:31:21Z,206,0.7376,0.596,OPS-SITE_C,88
SITE_C,WF_V3,2025-06-09T19:26:05Z,259,0.6967,0.7435,OPS-SITE_C,1
SITE_C,WF_V3,2025-06-12T04:53:05Z,246,0.5346,0.8584,OPS-SITE_C,2
SITE_C,WF_V3,2025-06-15T10:13:36Z,187,0.4943,0.6797,OPS-SITE_C,3
SITE_C,WF_V3,2025-06-18T16:51:41Z,196,0.8156,0.6683,OPS-SITE_C,4
SITE_C,WF_V3,2025-06-20T18:07:22Z,213,0.334,0.6667,OPS-SITE_C,5
SITE_C,WF_V3,2025-06-23T22:08:29Z,204,0.5749,0.9397,OPS-SITE_C,6
SITE_C,WF_V3,2025-06-27T01:04:10Z,222,0.7961,0.5853,OPS-SITE_C,7
SITE_C,WF_V3,2025-06-29T02:42:43Z,251,0.3984,0.4618,OPS-SITE_C,8
SITE_C,WF_V3,2025-07-02T10:02:48Z,174,0.3324,0.644,OPS-SITE_C,9
SITE_C,WF_V3,2025-07-05T10:29:45Z,218,0.4856,0.4743,OPS-SITE_C,10
SITE_C,WF_V3,2025-07-07T14:40:38Z,206,0.7985,0.4736,OPS-SITE_C,11
SITE_C,WF_V3,2025-07-10T00:59:02Z,249,0.5171,0.8559,OPS-SITE_C,12
SITE_C,WF_V3,2025-07-13T15:03:48Z,171,0.3327,0.5058,OPS-SITE_C,13
SITE_C,WF_V3,2025-07-17T07:56:52Z,222,0.7565,0.7377,OPS-SITE_C,14
SITE_C,WF_V3,2025-07-20T01:33:47Z,256,0.3568,0.5917,OPS-SITE_C,15
SITE_C,WF_V3,2025-07-22T02:19:53Z,154,0.458,0.8844,OPS-SITE_C,16
SITE_C,WF_V3,2025-07-24T09:38:24Z,223,0.7872,0.6461,OPS-SITE_C,17
SITE_C,WF_V3,2025-07-27T16:09:01Z,213,0.6944,0.928,OPS-SITE_C,18
SITE_C,WF_V3,2025-07-31T10:57:39Z,174,0.3971,0.8383,OPS-SITE_C,19
SITE_C,WF_V3,2025-08-03T22:26:31Z,265,0.6366,0.6223,OPS-SITE_C,20
SITE_C,WF_V3,2025-08-06T01:30:52Z,202,0.7443,0.8939,OPS-SITE_C,21
SITE_C,WF_V3,2025-08-09T22:10:02Z,209,0.4859,0.5065,OPS-SITE_C,22
SITE_C,WF_V3,2025-08-13T05:22:13Z,249,0.4322,0.7939,OPS-SITE_C,23
SITE_C,WF_V3,2025-08-15T07:18:40Z,244,0.7745,0.8321,OPS-SITE_C,24
SITE_C,WF_V3,2025-08-18T00:16:11Z,206,0.7152,0.8978,OPS-SITE_C,25
SITE_C,WF_V3,2025-08-20T03:29:26Z,207,0.308,0.4484,OPS-SITE_C,26
SITE_C,WF_V3,2025-08-24T01:05:55Z,231,0.7756,0.7138,OPS-SITE_C,27
SITE_C,WF_V3,2025-08-28T00:01:33Z,201,0.3887,0.4411,OPS-SITE_C,28
SITE_C,WF_V3,2025-08-31T16:21:23Z,250,0.3158,0.778,OPS-SITE_C,29
SITE_C,WF_V3,2025-09-03T15:08:55Z,231,0.3777,0.5433,OPS-SITE_C,30
SITE_C,WF_V3,2025-09-06T01:56:34Z,198,0.6722,0.4692,OPS-SITE_C,31
SITE_C,WF_V3,2025-09-09T02:27:40Z,234,0.7076,0.8375,OPS-SITE_C,32
SITE_C,WF_V3,2025-09-11T16:15:34Z,210,0.7322,0.943,OPS-SITE_C,33
SITE_C,WF_V3,2025-09-14T08:57:59Z,250,0.7678,0.7755,OPS-SITE_C,34
SITE_C,WF_V3,2025-09-16T20:12:11Z,183,0.5662,0.9327,OPS-SITE_C,35
SITE_C,WF_V3,2025-09-20T07:00:30Z,206,0.7175,0.7988,OPS-SITE_C,36
SITE_C,WF_V3,2025-09-22T07:14:41Z,269,0.6214,0.4102,OPS-SITE_C,37
SITE_C,WF_V3,2025-09-25T19:09:26Z,276,0.6332,0.5238,OPS-SITE_C,38
SITE_C,WF_V3,2025-09-28T18:01:15Z,212,0.3242,0.7802,OPS-SITE_C,39
SITE_C,WF_V3,2025-10-02T06:23:48Z,212,0.4346,0.6745,OPS-SITE_C,40
SITE_C,WF_V3,2025-10-06T02:10:57Z,240,0.4896,0.7986,OPS-SITE_C,41
SITE_C,WF_V3,2025-10-08T20:47:42Z,215,0.3662,0.7154,OPS-SITE_C,42
SITE_C,WF_V3,2025-10-12T07:21:12Z,220,0.5514,0.8929,OPS-SITE_C,43
SITE_C,WF_V3,2025-10-14T16:58:22Z,185,0.3454,0.5046,OPS-SITE_C,44
SITE_C,WF_V3,2025-10-18T01:42:31Z,193,0.737,0.5826,OPS-SITE_C,45
SITE_C,WF_V3,2025-10-20T09:32:49Z,278,0.3963,0.9152,OPS-SITE_C,46
SITE_C,WF_V3,2025-10-23T21:14:37Z,220,0.7743,0.5393,OPS-SITE_C,47
SITE_C,WF_V3,2025-10-26T15:58:33Z,262,0.6689,0.8025,OPS-SITE_C,48
SITE_C,WF_V3,2025-10-28T19:29:00Z,293,0.8991,0.4425,OPS-SITE_C,49
SITE_C,WF_V3,2025-10-30T22:35:40Z,247,0.4963,0.8228,OPS-SITE_C,50
SITE_C,WF_V3,2025-11-03T03:52:24Z,263,0.8782,0.4496,OPS-SITE_C,51
SITE_C,WF_V3,2025-11-06T01:28:08Z,211,0.495,0.8646,OPS-SITE_C,52
SITE_C,WF_V3,2025-11-08T11:29:37Z,188,0.5329,0.8228,OPS-SITE_C,53
SITE_C,WF_V3,2025-11-10T15:55:47Z,217,0.6128,0.8633,OPS-SITE_C,54
SITE_C,WF_V3,2025-11-14T06:40:57Z,219,0.8006,0.6969,OPS-SITE_C,55
SITE_C,WF_V3,2025-11-17T23:48:41Z,207,0.3701,0.7996,OPS-SITE_C,56
SITE_C,WF_V3,2025-11-20T22:39:01Z,222,0.4767,0.8822,OPS-SITE_C,57
SITE_C,WF_V3,2025-11-23T09:39:39Z,192,0.5095,0.837,OPS-SITE_C,58
SITE_C,WF_V3,2025-11-26T17:46:21Z,218,0.4054,0.4164,OPS-SITE_C,59
SITE_C,WF_V3,2025-11-29T18:10:56Z,286,0.5615,0.6621,OPS-SITE_C,60
SITE_C,WF_V3,2025-12-02T08:58:39Z,173,0.7142,0.8003,OPS-SITE_C,61
SITE_C,WF_V3,2025-12-06T04:03:33Z,214,0.5279,0.7494,OPS-SITE_C,62
SITE_C,WF_V3,2025-12-09T08:04:46Z,265,0.8252,0.407,OPS-SITE_C,63
SITE_C,WF_V3,2025-12-12T05:09:26Z,261,0.7522,0.5794,OPS-SITE_C,64
SITE_C,WF_V3,2025-12-15T08:38:05Z,215,0.4965,0.8021,OPS-SITE_C,65
SITE_C,WF_V3,2025-12-17T20:38:02Z,218,0.8355,0.6085,OPS-SITE_C,66
SITE_C,WF_V3,2025-12-21T07:20:22Z,218,0.5011,0.5232,OPS-SITE_C,67
SITE_C,WF_V3,2025-12-23T18:34:30Z,196,0.7106,0.5495,OPS-SITE_C,68
SITE_C,WF_V3,2025-12-27T02:16:27Z,194,0.5019,0.4427,OPS-SITE_C,69
SITE_C,WF_V3,2025-12-29T10:42:10Z,222,0.7151,0.7725,OPS-SITE_C,70
SITE_C,WF_V3,2025-12-31T13:16:20Z,215,0.3165,0.8525,OPS-SITE_C,71
SITE_C,WF_V3,2026-01-03T02:46:57Z,223,0.7825,0.8493,OPS-SITE_C,72
SITE_C,WF_V3,2026-01-05T19:53:30Z,235,0.4905,0.5014,OPS-SITE_C,73
SITE_C,WF_V3,2026-01-08T08:17:21Z,238,0.7874,0.8628,OPS-SITE_C,74
SITE_C,WF_V3,2026-01-10T09:16:04Z,203,0.828,0.8048,OPS-SITE_C,75
SITE_C,WF_V3,2026-01-14T01:02:30Z,167,0.8806,0.7454,OPS-SITE_C,76
SITE_C,WF_V3,2026-01-17T11:00:19Z,211,0.6833,0.5637,OPS-SITE_C,77
SITE_C,WF_V3,2026-01-21T10:56:13Z,178,0.5778,0.5819,OPS-SITE_C,78
SITE_C,WF_V3,2026-01-24T14:28:33Z,215,0.3351,0.7243,OPS-SITE_C,79
SITE_C,WF_V3,2026-01-27T07:17:17Z,205,0.8445,0.5837,OPS-SITE_C,80
SITE_C,WF_V3,2026-01-30T09:43:23Z,164,0.7346,0.5181,OPS-SITE_C,81
SITE_C,WF_V3,2026-02-03T07:40:54Z,227,0.6303,0.7023,OPS-SITE_C,82
SITE_C,WF_V3,2026-02-06T17:37:53Z,224,0.6127,0.8412,OPS-SITE_C,83
SITE_C,WF_V3,2026-02-09T10:40:47Z,217,0.67,0.9199,OPS-SITE_C,84
SITE_C,WF_V3,2026-02-12T12:21:00Z,179,0.7043,0.5274,OPS-SITE_C,85
SITE_C,WF_V3,2026-02-15T09:48:15Z,277,0.3989,0.881,OPS-SITE_C,86
SITE_C,WF_V3,2026-02-18T05:50:02Z,220,0.7298,0.6887,OPS-SITE_C,87
SITE_C,WF_V3,2026-02-20T20:39:24Z,222,0.8061,0.7348,OPS-SITE_C,88
SITE_C,WF_V3,2026-02-24T04:56:57Z,218,0.5862,0.9478,OPS-SITE_C,89
SITE_C,WF_V3,2026-02-27T17:55:56Z,213,0.5571,0.8918,OPS-SITE_C,90
SITE_C,WF_V3,2026-03-03T01:04:43Z,237,0.3124,0.7795,OPS-SITE_C,91
SITE_C,WF_V3,2026-03-05T04:11:11Z,261,0.709,0.5649,OPS-SITE_C,92
SITE_C,WF_V3,2026-03-08T13:15:25Z,216,0.3464,0.8274,OPS-SITE_C,93
SITE_C,WF_V3,2026-03-10T15:46:08Z,173,0.6982,0.9168,OPS-SITE_C,94
SITE_C,WF_V3,2026-03-13T10:49:38Z,249,0.6799,0.4989,OPS-SITE_C,95
SITE_C,WF_V3,2026-03-16T06:44:28Z,222,0.3238,0.658,OPS-SITE_C,96
SITE_C,WF_V3,2026-03-19T11:59:09Z,220,0.5897,0.4659,OPS-SITE_C,97
SITE_C,WF_V3,2026-03-22T06:54:04Z,229,0.7192,0.8592,OPS-SITE_C,98
SITE_C,WF_V3,2026-03-24T09:45:45Z,199,0.5922,0.7496,OPS-SITE_C,99
SITE_C,WF_V3,2026-03-27T16:53:12Z,207,0.7983,0.8632,OPS-SITE_C,100
SITE_C,WF_V3,2026-03-30T21:23:42Z,205,0.4902,0.4968,OPS-SITE_C,101
SITE_C,WF_V3,2026-04-03T07:16:44Z,237,0.8432,0.4558,OPS-SITE_C,102
SITE_C,WF_V3,2026-04-06T05:38:03Z,240,0.8719,0.7026,OPS-SITE_C,103
SITE_C,WF_V3,2026-04-09T22:46:37Z,232,0.3647,0.8239,OPS-SITE_C,104
SITE_C,WF_V3,2026-04-12T12:25:54Z,204,0.7153,0.5346,OPS-SITE_C,105
SITE_C,WF_V3,2026-04-14T22:44:03Z,213,0.5668,0.5937,OPS-SITE_C,106
SITE_C,WF_V3,2026-04-17T01:47:01Z,204,0.3897,0.4803,OPS-SITE_C,107
SITE_C,WF_V3,2026-04-20T07:24:57Z,235,0.6885,0.5132,OPS-SITE_C,108
SITE_C,WF_V3,2026-04-23T16:18:53Z,242,0.7412,0.4761,OPS-SITE_C,109
SITE_C,WF_V3,2026-04-27T14:44:01Z,233,0.6808,0.6536,OPS-SITE_C,110
SITE_C,WF_V3,2026-04-30T14:22:54Z,223,0.8982,0.855,OPS-SITE_C,111
SITE_C,WF_V3,2026-05-04T12:13:53Z,243,0.5913,0.6439,OPS-SITE_C,112
SITE_C,WF_V3,2026-05-07T07:37:14Z,231,0.6102,0.7854,OPS-SITE_C,113
SITE_C,WF_V3,2026-05-09T22:01:22Z,221,0.8483,0.9208,OPS-SITE_C,114
SITE_C,WF_V3,2026-05-12T09:39:56Z,234,0.72,0.9185,OPS-SITE_C,115
SITE_C,WF_V3,2026-05-16T02:36:33Z,245,0.6685,0.633,OPS-SITE_C,116
SITE_C,WF_V3,2026-05-18T08:48:59Z,280,0.6132,0.6111,OPS-SITE_C,117
SITE_C,WF_V3,2026-05-21T23:40:02Z,209,0.3308,0.5712,OPS-SITE_C,118
SITE_C,WF_V3,2026-05-24T16:58:42Z,199,0.6152,0.781,OPS-SITE_C,119
SITE_C,WF_V3,2026-05-26T19:31:32Z,194,0.8913,0.6782,OPS-SITE_C,120
SITE_C,WF_V3,2026-05-30T18:45:44Z,184,0.7201,0.9224,OPS-SITE_C,121
SITE_C,WF_V3,2026-06-01T19:06:36Z,166,0.4862,0.464,OPS-SITE_C,122
SITE_C,WF_V3,2026-06-04T04:25:19Z,188,0.3325,0.6261,OPS-SITE_C,123
SITE_C,WF_V3,2026-06-06T21:35:08Z,207,0.5834,0.7734,OPS-SITE_C,124
SITE_C,WF_V3,2026-06-09T03:03:58Z,273,0.606,0.9127,OPS-SITE_C,125
SITE_C,WF_V3,2026-06-12T13:25:29Z,223,0.8203,0.4357,OPS-SITE_C,126
SITE_C,WF_V3,2026-06-16T09:22:14Z,263,0.7861,0.9141,OPS-SITE_C,127
SITE_C,WF_V3,2026-06-19T09:55:25Z,219,0.5776,0.8533,OPS-SITE_C,128
SITE_C,WF_V3,2026-06-21T17:36:31Z,203,0.3313,0.8207,OPS-SITE_C,129
SITE_C,WF_V3,2026-06-24T05:43:23Z,227,0.5429,0.7738,OPS-SITE_C,130
SITE_C,WF_V3,2026-06-26T10:17:43Z,231,0.583,0.8896,OPS-SITE_C,131
SITE_C,WF_V3,2026-06-29T11:18:38Z,209,0.3353,0.5994,OPS-SITE_C,132
