site_key,workflow_version,event_code_raw,canonical_stage,valid_from,valid_to,reviewed_by
SITE_A,WF_V1,ACC,ACCESSIONED,2024-01-15,2024-09-01,workflow-ops-review-01
SITE_A,WF_V1,ANL,ANALYSIS_COMPLETE,2024-01-15,2024-09-01,workflow-ops-review-01
SITE_A,WF_V1,LIBP,LIBRARY_PREPARED,2024-01-15,2024-09-01,workflow-ops-review-01
SITE_A,WF_V1,RCPT,SAMPLE_RECEIVED,2024-01-15,2024-09-01,workflow-ops-review-01
SITE_A,WF_V1,REL,RELEASED,2024-01-15,2024-09-01,workflow-ops-review-01
SITE_A,WF_V1,REV,REVIEWED,2024-01-15,2024-09-01,workflow-ops-review-01
SITE_A,WF_V1,SEQ,SEQUENCING_STARTED,2024-01-15,2024-09-01,workflow-ops-review-01
SITE_A,WF_V2,ACC,ACCESSIONED,2024-09-01,2025-06-01,workflow-ops-review-01
SITE_A,WF_V2,ANL,ANALYSIS_COMPLETE,2024-09-01,2025-06-01,workflow-ops-review-01
SITE_A,WF_V2,LIBP,LIBRARY_PREPARED,2024-09-01,2025-06-01,workflow-ops-review-01
SITE_A,WF_V2,RCPT,SAMPLE_RECEIVED,2024-09-01,2025-06-01,workflow-ops-review-01
SITE_A,WF_V2,REL,RELEASED,2024-09-01,2025-06-01,workflow-ops-review-01
SITE_A,WF_V2,REV,REVIEWED,2024-09-01,2025-06-01,workflow-ops-review-01
SITE_A,WF_V2,SEQ,SEQUENCING_STARTED,2024-09-01,2025-06-01,workflow-ops-review-01
SITE_A,WF_V3,ACC,ACCESSIONED,2025-06-01,2026-06-30,workflow-ops-review-01
SITE_A,WF_V3,ANL,ANALYSIS_COMPLETE,2025-06-01,2026-06-30,workflow-ops-review-01
SITE_A,WF_V3,LIBP,LIBRARY_PREPARED,2025-06-01,2026-06-30,workflow-ops-review-01
SITE_A,WF_V3,RCPT,SAMPLE_RECEIVED,2025-06-01,2026-06-30,workflow-ops-review-01
SITE_A,WF_V3,REL,RELEASED,2025-06-01,2026-06-30,workflow-ops-review-01
SITE_A,WF_V3,REV,REVIEWED,2025-06-01,2026-06-30,workflow-ops-review-01
SITE_A,WF_V3,SEQ,SEQUENCING_STARTED,2025-06-01,2026-06-30,workflow-ops-review-01
SITE_B,WF_V1,ACC,ACCESSIONED,2024-01-15,2024-09-01,workflow-ops-review-01
SITE_B,WF_V1,ANA,ANALYSIS_COMPLETE,2024-01-15,2024-09-01,workflow-ops-review-01
SITE_B,WF_V1,CHK,REVIEWED,2024-01-15,2024-09-01,workflow-ops-review-01
SITE_B,WF_V1,OUT,RELEASED,2024-01-15,2024-09-01,workflow-ops-review-01
SITE_B,WF_V1,QC,LIBRARY_PREPARED,2024-01-15,2024-09-01,workflow-ops-review-01
SITE_B,WF_V1,REC,SAMPLE_RECEIVED,2024-01-15,2024-09-01,workflow-ops-review-01
SITE_B,WF_V1,SEQ,SEQUENCING_STARTED,2024-01-15,2024-09-01,workflow-ops-review-01
SITE_B,WF_V2,ACC,ACCESSIONED,2024-09-01,2025-06-01,workflow-ops-review-01
SITE_B,WF_V2,ANA,ANALYSIS_COMPLETE,2024-09-01,2025-06-01,workflow-ops-review-01
SITE_B,WF_V2,CHK,REVIEWED,2024-09-01,2025-06-01,workflow-ops-review-01
SITE_B,WF_V2,OUT,RELEASED,2024-09-01,2025-06-01,workflow-ops-review-01
SITE_B,WF_V2,QC,LIBRARY_PREPARED,2024-09-01,2025-06-01,workflow-ops-review-01
SITE_B,WF_V2,REC,SAMPLE_RECEIVED,2024-09-01,2025-06-01,workflow-ops-review-01
SITE_B,WF_V2,SEQ,SEQUENCING_STARTED,2024-09-01,2025-06-01,workflow-ops-review-01
SITE_B,WF_V3,ACC,ACCESSIONED,2025-06-01,2026-06-30,workflow-ops-review-01
SITE_B,WF_V3,ANA,ANALYSIS_COMPLETE,2025-06-01,2026-06-30,workflow-ops-review-01
SITE_B,WF_V3,CHK,REVIEWED,2025-06-01,2026-06-30,workflow-ops-review-01
SITE_B,WF_V3,OUT,RELEASED,2025-06-01,2026-06-30,workflow-ops-review-01
SITE_B,WF_V3,QC,LIBRARY_PREPARED,2025-06-01,2026-06-30,workflow-ops-review-01
SITE_B,WF_V3,REC,SAMPLE_RECEIVED,2025-06-01,2026-06-30,workflow-ops-review-01
SITE_B,WF_V3,SEQ,SEQUENCING_STARTED,2025-06-01,2026-06-30,workflow-ops-review-01
SITE_C,WF_V1,DONE,ANALYSIS_COMPLETE,2024-01-15,2024-09-01,workflow-ops-review-01
SITE_C,WF_V1,IN,SAMPLE_RECEIVED,2024-01-15,2024-09-01,workflow-ops-review-01
SITE_C,WF_V1,ISSUE,RELEASED,2024-01-15,2024-09-01,workflow-ops-review-01
SITE_C,WF_V1,PREP,LIBRARY_PREPARED,2024-01-15,2024-09-01,workflow-ops-review-01
SITE_C,WF_V1,SIGN,REVIEWED,2024-01-15,2024-09-01,workflow-ops-review-01
SITE_C,WF_V1,VER,ACCESSIONED,2024-01-15,2024-09-01,workflow-ops-review-01
SITE_C,WF_V2,DONE,ANALYSIS_COMPLETE,2024-09-01,2025-06-01,workflow-ops-review-01
SITE_C,WF_V2,IN,SAMPLE_RECEIVED,2024-09-01,2025-06-01,workflow-ops-review-01
SITE_C,WF_V2,ISSUE,RELEASED,2024-09-01,2025-06-01,workflow-ops-review-01
SITE_C,WF_V2,PREP,LIBRARY_PREPARED,2024-09-01,2025-06-01,workflow-ops-review-01
SITE_C,WF_V2,SIGN,REVIEWED,2024-09-01,2025-06-01,workflow-ops-review-01
SITE_C,WF_V2,VER,ACCESSIONED,2024-09-01,2025-06-01,workflow-ops-review-01
SITE_C,WF_V3,DONE,ANALYSIS_COMPLETE,2025-06-01,2026-06-30,workflow-ops-review-01
SITE_C,WF_V3,IN,SAMPLE_RECEIVED,2025-06-01,2026-06-30,workflow-ops-review-01
SITE_C,WF_V3,ISSUE,RELEASED,2025-06-01,2026-06-30,workflow-ops-review-01
SITE_C,WF_V3,PREP,LIBRARY_PREPARED,2025-06-01,2026-06-30,workflow-ops-review-01
SITE_C,WF_V3,SIGN,REVIEWED,2025-06-01,2026-06-30,workflow-ops-review-01
SITE_C,WF_V3,VER,ACCESSIONED,2025-06-01,2026-06-30,workflow-ops-review-01
